Titulo,Precio_Original,Precio_Numerico,Ubicacion,Vendedor,Dormitorios,Banos,Estacionamientos,Descripcion,Enlace
DEPARTAMENTO Avenida Las Higueras con Anibal Pinto,"$370.000
-5%",0.0,La Serena,Prowise,"30 m
2",1,1,"Se arrienda departamento amoblado ubicado en Avenida Las Higueras con Aníbal Pinto, excelente ubicación por su conectividad hacia las avenidas principales de la ciudad. El sector es ...",https://www.yapo.cl/bienes-raices-alquiler-apartamentos/departamento-avenida-las-higueras-con-anibal-pinto/29796942
"Arriendo año corrido, 2D 2B “Gran Marina” Peñuelas, Coquimbo",$600.000,600000.0,Coquimbo,De Ferrari Propiedades,2,2,1,"Departamento segunda línea de Playa, “Condominio Gran Marina” Edificio Marina Horizonte II, Avenida Los Pescadores nº 5301, Coquimbo. -2 dormitorios, 2 baños completos, cocina ...",https://www.yapo.cl/bienes-raices-alquiler-apartamentos/arriendo-ano-corrido-2d-2b-gran-marina-penuelas-coquimbo/32133694
"Arriendo año corrido, amoblado, 2D 2B “Cumbres de Peñuelas” Coquimbo",$600.000,600000.0,Coquimbo,De Ferrari Propiedades,"55 m
2",1,2,"Departamento amoblado condominio “Cumbres de Peñuelas”, Avenida del mar, La Serena -2 dormitorios, 2 baños, cocina americana. -Primer piso (planta baja). -Orientación norte. -55 ...",https://www.yapo.cl/bienes-raices-alquiler-apartamentos/arriendo-ano-corrido-amoblado-2d-2b-cumbres-de-penuelas-coquimbo/32133815
"Se Arrienda Año Corrido 2 Dorm 2 Baños Puertas Del Mar, La Serena.",$500.000,500000.0,La Serena,Felipe Ocaranza,"54 m
2",1,2,Se arrienda departamento completamente nuevo a estrena ubicado en el sector Puertas del Mar en la ciudad de La Serena. El departamento consta de 2 dormitorios y 2 baños con ...,https://www.yapo.cl/bienes-raices-alquiler-apartamentos/se-arrienda-ano-corrido-2-dorm-2-banos-puertas-del-mar-la-serena/32228392
Departamento OPORTUNIDAD!! AÑO CORRIDO AQUA RESORT FRONTAL LA SERENA,"$700.000
Oportunidad",0.0,La Serena,Urbana Propiedades,"70 m
2",1,2,"Departamento arriendo año corrido en La Serena, comuna reconocida por sus playas y clima agradable. Ubicado en Av. del Mar, este acogedor inmueble de 57 m2 de construcción cuenta con ...",https://www.yapo.cl/bienes-raices-alquiler-apartamentos/departamento-oportunidad-ano-corrido-aqua-resort-frontal-la-serena/32213434
Departamento PACIFICO 3100 HERMOSO DEPARTAMENTO HASTA DICIEMBRE,$500.000,500000.0,La Serena,Urbana Propiedades,"50 m
2",1,2,"Departamento amoblado en arriendo por $500.000 en La Serena, comuna conocida por sus hermosas playas y clima cálido. Ubicado en Avenida del Mar, este acogedor departamento de 45m2 ...",https://www.yapo.cl/bienes-raices-alquiler-apartamentos/departamento-pacifico-3100-hermoso-departamento-hasta-diciembre/32088015
Departamento ARRIENDO AÑO CARRIDO EN EL EXCLUSIVO AQUA RESORT,$1.100.000,1100000.0,La Serena,Urbana Propiedades,"100 m
2",2,3,"Departamento en arriendo amoblado año corrido en La Serena Aqua Resort Ubicado en Avenida del Mar, en pleno corazón del sector turístico de La Serena, este acogedor departamento te ...",https://www.yapo.cl/bienes-raices-alquiler-apartamentos/departamento-arriendo-ano-carrido-en-el-exclusivo-aqua-resort/32035763
Departamento DEPARTAMENTO EN EL EXCLUSIVO AQUA RESORT,$700.000,700000.0,La Serena,Urbana Propiedades,"72 m
2",1,2,"URBANA PROPIEDADES ARRIENDA Increíble departamento amoblado en Condominio Aqua Resort ubicado en el tercer piso con vista hacia la Piscina con Olas. Espacios muy iluminados, cocina con ...",https://www.yapo.cl/bienes-raices-alquiler-apartamentos/departamento-departamento-en-el-exclusivo-aqua-resort/32218804
Departamento DOÑA ANITA ARRIENDO HASTA DICIEMBRE - LA SERENA,$750.000,750000.0,La Serena,Urbana Propiedades,"100 m
2",1,3,"URBANA PROPIEDADES te invita a disfrutar de una experiencia inolvidable en este hermoso departamento en el edificio Doña Anita, ubicado en plena Avenida del ...",https://www.yapo.cl/bienes-raices-alquiler-apartamentos/departamento-dona-anita-arriendo-hasta-diciembre-la-serena/32111639
Departamento SOL DE PEÑUELAS ARRIENDO HASTA DICIEMBRE,$550.000,550000.0,La Serena,Urbana Propiedades,"48 m
2",1,3,"Arriendo de departamento amoblado en Condominio Sol de Peñuelas hasta diciembre. Se arrienda acogedor departamento en el exclusivo Condominio Sol de Peñuelas, ubicado en Avenida ...",https://www.yapo.cl/bienes-raices-alquiler-apartamentos/departamento-sol-de-penuelas-arriendo-hasta-diciembre/32227395
Rebajado!!!! Arriendo Anual Depto.No Amoblado,"$430.000
-4%",0.0,Coquimbo,Andalue Propiedades,2,1,1,"Se arrienda hermoso departamento ubicado Avenida Los Pescadores 5281, Condominio Marina Costa. Se encuentra en segunda línea, a pocos metros de la playa, de Avenida de Mar y del Hotel ...",https://www.yapo.cl/bienes-raices-alquiler-apartamentos/rebajado-arriendo-anual-depto-no-amoblado/31637873
DEPARTAMENTO COSTA PEÑUELA,"$600.000
-9%
Oportunidad",0.0,Coquimbo,Alevarre Propiedades,2,2,1,"Hermoso y amplio departamento amoblado en arriendo año corrido, ubicado en condominio Costa Peñuela, Coquimbo. En primera linea ubicado en piso 9 Consta de: 2 habitaciones, una con ...",https://www.yapo.cl/bienes-raices-alquiler-apartamentos/departamento-costa-penuela/31954016
"DEPARTAMENTO AÑO CORRIDO, EQUIPADO SECTOR PUERTAS DEL MAR LS.","$480.000
-4%
Oportunidad",0.0,La Serena,Alevarre Propiedades,2,2,1,"Hermoso Departamento amoblado en arriendo año corrido!!, ubicado en condominio Jardines del Pacifico, sector Puertas del Mar, La Serena, a pasos de inacap, universidad central, avenida ...",https://www.yapo.cl/bienes-raices-alquiler-apartamentos/departamento-ano-corrido-equipado-sector-puertas-del-mar-ls/32226481
"Arriendo hasta Diciembre, “Condominio Aqua II”, Piso 10.",$580.000,580000.0,La Serena,De Ferrari Propiedades,2,2,1,-Condominio ubicado en primera Línea de Playa con calle Las Higueras. -2 Dormitorios -2 Baños -Cocina americana -Living comedor juntos -Logia con lavadora y lavadero -Terraza lateral ...,https://www.yapo.cl/bienes-raices-alquiler-apartamentos/arriendo-hasta-diciembre-condominio-aqua-ii-piso-10/32152396
Arriendo Año corrido 2D2B “Piedra Blanca” Av. del Mar La Serena,$600.000,600000.0,La Serena,De Ferrari Propiedades,"60 m
2",1,2,"Departamento amoblado condominio Piedra Blanca, Avenida del mar, La Serena -Equipamiento para 4 personas. -Descripción: 2 dormitorios, 2 baños, cocina americana. -Primer piso ...",https://www.yapo.cl/bienes-raices-alquiler-apartamentos/arriendo-ano-corrido-2d2b-piedra-blanca-av-del-mar-la-serena/32115747
Depto Nuevo en Centro de Coquimbo - Pasos de Bancos y Supermercado,"$420.000
-7%",0.0,Coquimbo,MedHer Propiedades,"44 m
2",1,2,DESCUENTOS DEL MES DE ABRIL -VALOR DE ARRIENDO REBAJADO $420.000 -COMISIÓN DE CORRETAJE REBAJADA A $0 -GASTOS NOTARIALES COSTO $0 -PAGO DE GARANTÍA HASTA 2 CUOTAS ¡Vive frente a ...,https://www.yapo.cl/bienes-raices-alquiler-apartamentos/depto-nuevo-en-centro-de-coquimbo-pasos-de-bancos-y-supermercado/32175554
Departamento en arriendo de 2 habitaciones en Serena Golf,$800.000,800000.0,La Serena,Diamond Properties,"80 m
2",1,2,"Arriendo departamento en Serena Golf frente al mar, con vista al mar.El departamento se encuentra ubicado en un tercer piso del edificio, con una amplia vista y en un privilegiado lugar ...",https://www.yapo.cl/bienes-raices-alquiler-apartamentos/departamento-en-arriendo-de-2-habitaciones-en-serena-golf/32142484
Departamento en arriendo de 3 dorm. en La Serena,$650.000,650000.0,Coquimbo,Diamond Properties Properties,"98 m
2",1,3,"Vendo o arriendo departamento en Avenida del Mar, con vista al mar en La Serena. Ubicado a pasos de la playa, servicios, restaurantes y con buena conectividad.Departamento de tres ...",https://www.yapo.cl/bienes-raices-alquiler-apartamentos/departamento-en-arriendo-de-3-dorm-en-la-serena/32146707
Departamento en Arriendo en La Serena,$990.000,990000.0,Coquimbo,Diamond Properties Properties,"100 m
2",2,3,"Arriendo departamento en Serena Golf, con jardín de uso y goce exclusivo.Canon de arriendo: $ 990.000Superficie total departamento: 100 m2 aproximadamente.Uso y goce exclusivo del ...",https://www.yapo.cl/bienes-raices-alquiler-apartamentos/departamento-en-arriendo-en-la-serena/32142496
HERMOSO 1D+1B AMOBLADO CON GASTO COMÚN INCLUIDO,$450.000,450000.0,Coquimbo,MACARENA ARANCIBIA,"32 m
2",1,1,"¡No pierdas la oportunidad de arrendar este acogedor departamento en la comuna de Coquimbo! Ubicado en la privilegiada AVENIDA VARELA 875, esta propiedad cuenta con 1 dormitorio, 1 ...",https://www.yapo.cl/bienes-raices-alquiler-apartamentos/hermoso-1d-1b-amoblado-con-gasto-comun-incluido/32194926
"Arriendo hasta Diciembre amoblado 3D 2B, Avenida del Mar La Serena",$700.000,700000.0,La Serena,De Ferrari Propiedades,3,2,1,"Departamento amoblado, ubicado en condominio primera línea de Playa Edificio “Limarí” acceso controlado. -3 dormitorios, 2 baños, cocina independiente. -Quinto piso con ...",https://www.yapo.cl/bienes-raices-alquiler-apartamentos/arriendo-hasta-diciembre-amoblado-3d-2b-avenida-del-mar-la-serena/32135656
DEPARTAMENTO Condominio Milagros del Cerro Grande,$700.000,700000.0,La Serena,Prowise,"75 m
2",2,2,"Departamento nuevo, moderno y luminoso, ubicado en Av. El Milagro, sector residencial, cercano a Cuatro Esquinas, con excelente conectividad y servicios: supermercados, farmacias, ...",https://www.yapo.cl/bienes-raices-alquiler-apartamentos/departamento-condominio-milagros-del-cerro-grande/31460811
ARRIENDO DEPARTAMENTO EN CONDOMINIO PLAYA HERRADURA,$650.000,650000.0,Coquimbo,Juan Carlos Rodriguez,3,2,1,"DEPARTAMENTO EN CONDOMINIO PLAYA HERRADURA Valor arriendo $ 650.000.- gastos comunes incluidos El departamento se encuentra en muy buen estado de conservación, ubicado el el piso 14, ...",https://www.yapo.cl/bienes-raices-alquiler-apartamentos/arriendo-departamento-en-condominio-playa-herradura/32241460
Hermoso Departamento en la playa a Pasos Casino Enjoy,$540.000,540000.0,La Serena,Marcela,"80 m
2",1,2,"Piso ubicado en exclusivo condominio Gran Marina Horizonte II, CON VISTA AL MAR y a pasos de Casino Enjoy Coquimbo. Con una maravillosa vista desde el piso 21, cuenta con 2 habitaciones ...",https://www.yapo.cl/bienes-raices-alquiler-apartamentos/hermoso-departamento-en-la-playa-a-pasos-casino-enjoy/32246614
ARRIENDO DEPTO. CONDOMINIO ALTOS DEL SENDERO – EL MILAGRO 3d y 2b estacionamiento y bodega,$500.000,500000.0,La Serena,Juan Carlos Rodriguez,3,2,1,ARRIENDO DEPTO. CONDOMINIO ALTOS DEL SENDERO – EL MILAGRO 3d y 2b estacionamiento y bodega Arriendo amoblado $ 500.000.- (Gastos comunes Incluidos) Departamento ubicado en el ...,https://www.yapo.cl/bienes-raices-alquiler-apartamentos/arriendo-depto-condominio-altos-del-sendero-el-milagro-3d-y-2b-estacionamiento-y-bodega/32238107
Depto Amoblado Vista al Mar | 1D - 1B | La Herradura,"$430.000
-4%",0.0,Coquimbo,MedHer Propiedades,1,1,1,*DESCUENTOS DEL MES DE ABRIL* -VALOR DE ARRIENDO REBAJADO $430.000 -COMISIÓN DE CORRETAJE costo $0 -PAGO DE GARANTÍA HASTA 2 CUOTAS Arriendo departamento amoblado en primera ...,https://www.yapo.cl/bienes-raices-alquiler-apartamentos/depto-amoblado-vista-al-mar-1d-1b-la-herradura/32169629
Departamento en Avenida del Mar,$700.000,700000.0,La Serena,Houm,"92 m
2",1,2,[ARR] ID HOUM: 169064 En Houm no te pedimos garantía ni aval*. Entérate de todos los beneficios al Arrendar con nosotros: • Asistencia e intermediación con el propietario ...,https://www.yapo.cl/bienes-raices-alquiler-apartamentos/departamento-en-avenida-del-mar/32250600
Departamento en la Serena 3D/2B Cerca del Faro Año corrido,$510.000,510000.0,La Serena,Guillermo Sierra,3,2,1,Se arrienda por año corrido cómodo departamento 3D / 2B en la Serena (cerca del borde costero) Condominio Jardines del Pacífico 2 (Av. Pacífico 610) Departamento cerca de ...,https://www.yapo.cl/bienes-raices-alquiler-apartamentos/departamento-en-la-serena-3d-2b-cerca-del-faro-ano-corrido/32065911
Arriendo Depto. Amoblado en Condominio Serena Pacífico,$550.000,550000.0,La Serena,MedHer Propiedades,"58 m
2",1,2,*DESCUENTOS DEL MES DE ABRIL* -COMISIÓN DE CORRETAJE REBAJADO A $100.000 -GASTOS NOTARIALES COSTO $0 -PAGO DE GARANTÍA HASTA 2 CUOTAS ¿Buscas estabilidad y comodidad cerca del ...,https://www.yapo.cl/bienes-raices-alquiler-apartamentos/arriendo-depto-amoblado-en-condominio-serena-pacifico/32262480
Departamento en Emilio Apey,$500.000,500000.0,La Serena,Houm,"46 m
2",1,2,[ARR] ID HOUM: 161974 En Houm no te pedimos garantía ni aval*. Entérate de todos los beneficios al Arrendar con nosotros: • Asistencia e intermediación con el propietario ...,https://www.yapo.cl/bienes-raices-alquiler-apartamentos/departamento-en-emilio-apey/31592182
