titulo,precio_texto,precio_num,ubicacion,habitaciones,banos,terreno,estacionamientos,atributos_detectados,descripcion,enlace,fuente,tipo_operacion,tipo_propiedad,ciudad_objetivo,fecha_captura
"La Serena, Espacioso y Luminoso en Excelente Ubicación (159199)",$ 550.000,550000,La Serena,2,2,55,1,"['Amoblado', 'Terraza', 'Bodega', 'Logia', 'Conserjería', 'Suite', 'Seguridad']","Descubre el equilibrio perfecto entre comodidad y exclusividad en este encantador departamento ubicado en la vibrante comuna de La Serena, en la deslumbrante región de Coquimbo. En Condominio Barrio Universitario V, a una cuadra del Jumbo, centros comerciales, cafeterias, farmacias, a minutos del aeropuerto de La Serena, este impecable departamento ubicado en un primer piso que cuenta con vista nororiente cuenta con dos acogedores dormitorios, uno en suite con shower el otro baño cuenta con ventilación natural. cuenta con un closet en el pasillo donde tienes mas espacio para tener todo ordenado, la cocina en cerrada, cuenta con logia donde tiene instalación para lavadora, calefón a eléctrico a gas, cocina a gas con conexión a gas de cañería tan importante en estos días. El departamento cuenta con alarma, el condominio es muy tranquilo y cuenta con cerco eléctrico para mayor seguridad y conserjería las 24 horas. Este espacio ofrece el refugio ideal para quienes buscan un nuevo comienzo. Sus 55 metros cuadrados construidos están diseñados con un enfoque en la funcionalidad y el confort, complementados por una encantadora terraza de 3 metros cuadrados para disfrutar de momentos al aire libre. La conveniencia de tener tu propio estacionamiento asegura que la experiencia de vivir aquí sea tranquila y sin preocupaciones. Todo esto por un atractivo precio de $550.000.- con gastos comunes incluidos No pierdas la oportunidad de formar parte de una comunidad pujante y disfrutar de una calidad de vida incomparable en La Serena. Tu futuro hogar te está esperando!",https://chilepropiedades.cl/ver-publicacion/arriendo-mensual/la-serena/departamento/espacioso-y-luminoso-en-excelente-ubicacion-159199/116152244,ChilePropiedades,Arriendo mensual,Departamento,La Serena,2026-04-21 16:45:15
"La Serena, Av. Cruz del Molino 325",$ 400.000,400000,La Serena,1,1,43,,"['Amoblado', 'Terraza', 'Lavandería', 'Bodega', 'Piscina', 'Conserjería', 'Suite', 'Quincho', 'Seguridad', 'Balcón']","ARRIENDO DEPARTAMENTO EN LA SERENA AÑO CORRIDO DISPONIBLE DESDE ABRIL DEL 2026 SECTOR PUERTAS DEL MAR CONDOMINIO ALTO SERENA III Inmejorable ubicación. Cerca del centro, de la playa (altura del faro monumental) Es un barrio universitario tranquilo y residencial. Cerca del terminal de buses. Frente a Mega Supermercado y Mall de comercio Puertas del Mar. Farmacia, patio de comidas y más. Situado a 4 minutos de la playa en auto. 15 minutos caminando. Frente a centro comercial Lider, Homecenter, farmacia, patio de comidas y más. Acceso al edificio con clave digital. Condominio cuenta con altos estándares de seguridad. Con centro de cámaras de vigilancia y Conserjería 24 horas. El departamento cuenta con: 1 dormitorio con baño en suite. Piscina. Quincho en azotea. Balcón Terraza. Cama matrimonial. 2 Veladores. TV 42 pulgadas en dormitorio fijada en muro. Futón básico en sala. Refrigerador. Cocina eléctrica. Horno GRANDE Eléctrico. Microondas. Vajilla completa. 1 Baño completo. Cocina americana, Con mesón y 2 sillas telescópicas. Encimera eléctrica 2 platos. Campana. Centro de lavandería con tarjeta de carga. Si necesita estacionamiento puede arrendar un lugar dentro del mismo condominio. VALOR MENSUAL $400.000 INCLUYE GASTOS COMUNES Interesados favor contactar: +569 50983731 Atte. Francisco",https://chilepropiedades.cl/ver-publicacion/arriendo-mensual/la-serena/departamento/av-cruz-del-molino-325/63193245,ChilePropiedades,Arriendo mensual,Departamento,La Serena,2026-04-21 16:45:16
"La Serena, Amoblado – (159096)",$ 460.000,460000,La Serena,1,1,34,1,"['Amoblado', 'Lavandería', 'Bodega', 'Piscina', 'Seguridad', 'Balcón']","Publicado por TORRE UNO BROKER, con más de 10 años de experiencia en Asesoría Inmobiliaria y Financiera. Se arrienda acogedor departamento amoblado ubicado en segundo piso, en calle Libertad, frente al consolidado sector Puertas del Mar, La Serena. Destaca por su excelente conectividad y cercanía a servicios, universidades, supermercados y a pasos del centro de la ciudad. Además, se encuentra a solo 5 minutos de Avenida del Mar. Características del departamento: * Superficie: 34 m + 2 m de balcón * 1 dormitorio * 1 baño * Cocina funcional * Estacionamiento incluido * Se arrienda completamente amoblado Equipamiento del condominio: * Seguridad 24/7 y acceso controlado * Piscina * Quinchos * Lavandería * Áreas comunes Ideal para estudiantes o profesionales que buscan comodidad, ubicación estratégica y un entorno seguro.",https://chilepropiedades.cl/ver-publicacion/arriendo-mensual/la-serena/departamento/amoblado-159096/116069027,ChilePropiedades,Arriendo mensual,Departamento,La Serena,2026-04-21 16:45:17
"La Serena, Arriendo dpto peñuelas coquimbo (159124)",$ 650.000,650000,La Serena,3,2,54,1,"['Amoblado', 'Terraza', 'Lavandería', 'Bodega', 'Piscina', 'Seguridad']","ARRIENDO año corrido/amoblado, MARINA SOL Hermoso departamento amoblado, ubicación y vista privilegiada a pasos de la avenida del mar, casino, restaurantes, mall, servicios y con muy buena conectividad. Características 3 dormitorios 2 baños Walking closet dormitorio principal Terraza 1 estacionamiento Conexión a lavadora Orientación poniente/sur Piso 15 53 mt2 Áreas comunes Quinchos Piscina Áreas verdes Estacionamiento de visita Lavandería Sala de eventos Doble acceso controlado 24/7 Valor Arriendo $650.000 gastos comunes incluidos",https://chilepropiedades.cl/ver-publicacion/arriendo-mensual/la-serena/departamento/arriendo-dpto-penuelas-coquimbo-159124/116062316,ChilePropiedades,Arriendo mensual,Departamento,La Serena,2026-04-21 16:45:18
"La Serena, Av del mar 800",$ 500.000,500000,La Serena,1,1,52,1,"['Amoblado', 'Terraza', 'Lavandería', 'Bodega', 'Conserjería', 'Quincho', 'Seguridad']","Se Arrienda hermoso departamento en Avenida del Mar, Periodo Marzo - 20 Diciembre, frente al ícono de Serena, el Faro Monumental. Con una ubicación privilegiada a pasos de la Universidad central de la Serena e Inacap, muy cerca del centro, mall plaza la Serena, y supermercados. Totalmente amoblado, llegar y ocupar, Considera 1 dormitorio matrimonial, un sillón cama en living, refrigerador, microondas, juguera, línea blanca, batería de cocina, 1 baño, terraza cerrada con ventanales, estacionamiento, conserjería las 24 horas, 2 piscinas, quincho para asados, perfecto para estudiantes o matrimonios. El Valor del arriendo considera el WiFi Movistar Fibra óptica 600 / 600 y los gastos comunes. También considera lavandería en primer piso con un costo muy bajo por cada carga de lavado y secado. Móvil contacto: +56 9 8548 2846",https://chilepropiedades.cl/ver-publicacion/arriendo-mensual/la-serena/departamento/av-del-mar-800/71922427,ChilePropiedades,Arriendo mensual,Departamento,La Serena,2026-04-21 16:45:19
"La Serena, Se Arrienda cómodo Departamento Panorámica (159126)",$ 500.000,500000,La Serena,3,2,57,1,"['Amoblado', 'Bodega', 'Logia', 'Suite', 'Seguridad', 'Balcón']","Se arrienda cómodo Departamento nuevo sin uso, ubicado en sector El Milagro, tiene excelente conectividad. Características: Tiene una superficie de 57 mt2, primer piso, living comedor muy luminoso, Balcón, cocina amoblada, logia, 3 dormitorios, 2 baños, dormitorio principal con baño en suite. Condominio cuenta con control portería 24/7, Quinchos, bicicleteros, juegos infantiles Valor arriendo: $ 500.000 incluye gastos comunes",https://chilepropiedades.cl/ver-publicacion/arriendo-mensual/la-serena/departamento/se-arrienda-comodo-departamento-panoramica-159126/116047772,ChilePropiedades,Arriendo mensual,Departamento,La Serena,2026-04-21 16:45:20
"La Serena, Avenida Pacifico",$ 650.000,650000,La Serena,3,2,68,1,"['Amoblado', 'Lavandería', 'Bodega', 'Piscina', 'Ascensor', 'Quincho', 'Seguridad']","[ARR] ID HOUM: 169854 En Houm no te pedimos garantía ni aval*. Entérate de todos los beneficios al Arrendar con nosotros: Asistencia e intermediación con el propietario Firma tu contrato online Arrienda sin burocracia, papeleos y mucho más rápido Departamento en arriendo, ubicado en la comuna de La Serena, con una superficie construida de 68.00 m y superficie total de 68.00 m. Sus principales características son: Amoblado 3 dormitorios 2 baños No Admite mascotas 1 estacionamiento Cocina amoblada Año de construcción: 2019 Conexión a lavadora Además, el inmueble cuenta con las siguientes amenidades: Vigilancia 24 hrs Ascensor Zona de juegos Piscina Lavandería Quincho Si arriendas con nosotros, te brindamos asesoría personalizada durante todo el proceso. Requisitos para arrendar con nosotros: Se deben demostrar ingresos que sean 2,8 veces el valor del arriendo En caso de que tus ingresos no lleguen a 2,8 veces el valor del arriendo, estos pueden ser la suma de los ingresos de las personas que vivirán en la propiedad IMPORTANTE: Si tienes alguna duda por favor puedes solicitar más información desde los portales como también contactarte directamente con nosotros Te invitamos a agendar una visita a esta propiedad: esta puede ser presencial o vía streaming, desde la comodidad de tu hogar Más que una corredora, somos Houm. *Aplican T&C",https://chilepropiedades.cl/ver-publicacion/arriendo-mensual/la-serena/departamento/avenida-pacifico/116009507,ChilePropiedades,Arriendo mensual,Departamento,La Serena,2026-04-21 16:45:22
"La Serena, Avenida Pacífico",$ 550.000,550000,La Serena,2,2,60,1,"['Amoblado', 'Lavandería', 'Bodega', 'Piscina', 'Ascensor', 'Quincho', 'Seguridad']","[ARR] ID HOUM: 169851 En Houm no te pedimos garantía ni aval*. Entérate de todos los beneficios al Arrendar con nosotros: Asistencia e intermediación con el propietario Firma tu contrato online Arrienda sin burocracia, papeleos y mucho más rápido Departamento en arriendo, ubicado en la comuna de La Serena, con una superficie construida de 60.00 m y superficie total de 60.00 m. Sus principales características son: Amoblado 2 dormitorios 2 baños No Admite mascotas 1 estacionamiento Año de construcción: 2024 Conexión a lavadora Además, el inmueble cuenta con las siguientes amenidades: Salón de eventos Ascensor Piscina Lavandería Quincho Si arriendas con nosotros, te brindamos asesoría personalizada durante todo el proceso. Requisitos para arrendar con nosotros: Se deben demostrar ingresos que sean 2,8 veces el valor del arriendo En caso de que tus ingresos no lleguen a 2,8 veces el valor del arriendo, estos pueden ser la suma de los ingresos de las personas que vivirán en la propiedad IMPORTANTE: Si tienes alguna duda por favor puedes solicitar más información desde los portales como también contactarte directamente con nosotros Te invitamos a agendar una visita a esta propiedad: esta puede ser presencial o vía streaming, desde la comodidad de tu hogar Más que una corredora, somos Houm. *Aplican T&C",https://chilepropiedades.cl/ver-publicacion/arriendo-mensual/la-serena/departamento/avenida-pacifico/116009339,ChilePropiedades,Arriendo mensual,Departamento,La Serena,2026-04-21 16:45:23
"La Serena, Avenida Estadio",$ 550.000,550000,La Serena,2,1,50,1,"['Amoblado', 'Bodega', 'Piscina', 'Seguridad']","[ARR] ID HOUM: 169613 En Houm no te pedimos garantía ni aval*. Entérate de todos los beneficios al Arrendar con nosotros: Asistencia e intermediación con el propietario Firma tu contrato online Arrienda sin burocracia, papeleos y mucho más rápido Departamento en arriendo, ubicado en la comuna de La Serena, con una superficie construida de 50.00 m y superficie total de 50.00 m. Sus principales características son: Amoblado 2 dormitorios 1 baño No Admite mascotas 1 estacionamiento Año de construcción: 2011 Conexión a lavadora Además, el inmueble cuenta con las siguientes amenidades: Piscina Si arriendas con nosotros, te brindamos asesoría personalizada durante todo el proceso. Requisitos para arrendar con nosotros: Se deben demostrar ingresos que sean 2,8 veces el valor del arriendo En caso de que tus ingresos no lleguen a 2,8 veces el valor del arriendo, estos pueden ser la suma de los ingresos de las personas que vivirán en la propiedad IMPORTANTE: Si tienes alguna duda por favor puedes solicitar más información desde los portales como también contactarte directamente con nosotros Te invitamos a agendar una visita a esta propiedad: esta puede ser presencial o vía streaming, desde la comodidad de tu hogar Más que una corredora, somos Houm. *Aplican T&C",https://chilepropiedades.cl/ver-publicacion/arriendo-mensual/la-serena/departamento/avenida-estadio/116008638,ChilePropiedades,Arriendo mensual,Departamento,La Serena,2026-04-21 16:45:23
"La Serena, Condominio valle de la florida 6",$ 500.000,500000,La Serena,3,2,63,1,"['Amoblado', 'Bodega', 'Ascensor', 'Seguridad']","#arriendo año corrido &#55356; nuevo sin muebles: Sector: calle orquideas, la florida Valor arriendo: &#128178; 500.000 incluido de gastos comunes Se agenda visita posterior al analisis de los documentos!!. Full equipado máximo 4 personas. Cercano a los supermercado alvi, colegios, locomoción colectiva por calle arandanos a 1 cuadra. &#128313; piso 2 &#128313; 3 dormitorios con closet y cubre piso &#128313; 2 baños con tina &#128313; cocina estilo abierta equipada &#128313; loggia equipado con lconexión de lavadora y calefont &#128313; piso ceramico &#128313; orientación sur &#128664; estacionamiento El condominio cuenta con: ~ bicicleteros ~ quinchos, barras de ejercicios ~ áreas verdes, juegos infantiles. ~ sin ascensor y acceso controlado. &#128205; condominio valle de la florida 6!!",https://chilepropiedades.cl/ver-publicacion/arriendo-mensual/la-serena/departamento/condominio-valle-de-la-florida-6/115998137,ChilePropiedades,Arriendo mensual,Departamento,La Serena,2026-04-21 16:45:24
"La Serena, Laguna del mar (158969)",$ 750.000,750000,La Serena,3,2,0,1,"['Amoblado', 'Bodega', 'Seguridad']","Descubre un oasis de confort y estilo en el corazón de La Serena, Región de Coquimbo. Este exclusivo departamento en Laguna del Mar te invita a vivir una experiencia única donde la modernidad se encuentra con la serenidad de la naturaleza. Con dos dormitorios finamente decorados y dos baños elegantes, cada detalle ha sido diseñado para ofrecerte el máximo bienestar. La propiedad cuenta con una ubicación privilegiada en una de las zonas más codiciadas, lo que la convierte en una joya tanto para quienes buscan un hogar acogedor como para quienes desean realizar una inversión inteligente. Su estacionamiento privado asegura conveniencia y seguridad en tu día a día. Imagina despertar cada mañana con la brisa fresca del océano y disfrutar de tus días en un entorno que combina la sofisticación urbana con el encanto costero. Todo esto está a tu alcance por solo $ 750.000. No dejes pasar la oportunidad de convertir este departamento en tu refugio personal. Te esperamos para que descubras tu nuevo hogar.",https://chilepropiedades.cl/ver-publicacion/arriendo-mensual/la-serena/departamento/laguna-del-mar-158969/115981779,ChilePropiedades,Arriendo mensual,Departamento,La Serena,2026-04-21 16:45:27
"La Serena, Laguna del mar (158968)",$ 750.000,750000,La Serena,3,2,80,1,"['Amoblado', 'Terraza', 'Bodega', 'Seguridad']","Descubre el lugar ideal para vivir en el corazón de La Serena, en la prestigiosa comuna de Laguna del Mar. Este elegante departamento ofrece la perfecta combinación de comodidades modernas con la serenidad de un entorno costero. Con 80 m construidos, cada rincón ha sido diseñado para potenciar tu calidad de vida. Relájate en uno de los 2 acogedores dormitorios, disfruta de la privacidad de 2 baños de diseño y del espacio exterior de una encantadora terraza de 4 m, ideal para contemplar el hermoso ambiente marino. La ubicación de este inmueble te permitirá disfrutar de una conexión perfecta con la vibrante vida urbana y la tranquilidad del océano. Además, contarás con la comodidad de un estacionamiento privado. Con un precio competitivo de $ 750,000, esta es una oportunidad imperdible para quienes buscan exclusividad y confort en una de las zonas más codiciadas de la Región de Coquimbo. No dejes pasar esta joya inmobiliaria en La Serena!",https://chilepropiedades.cl/ver-publicacion/arriendo-mensual/la-serena/departamento/laguna-del-mar-158968/115981767,ChilePropiedades,Arriendo mensual,Departamento,La Serena,2026-04-21 16:45:27
"La Serena, Espacioso Departamento Lleno de Luz Natural (158967)",$ 500.000,500000,La Serena,2,2,71,1,"['Amoblado', 'Terraza', 'Bodega', 'Seguridad']","Descubre la oportunidad perfecta de vivir en el corazón de La Serena, en la encantadora región de Coquimbo. Este exquisito departamento en arriendo ofrece un hogar que combina elegancia, comodidad y una ubicación privilegiada. Con 71 m de espacios cuidadosamente diseñados, te invita a disfrutar de un estilo de vida moderno en una de las zonas más deseadas de la ciudad. El departamento cuenta con dos amplios dormitorios y dos baños impecables, ideales para ofrecerte un refugio de tranquilidad y privacidad. Imagina despertarte cada mañana con la suave brisa marina en una acogedora terraza de 4 m, perfecta para tus momentos de relajación o para disfrutar de un café al atardecer. La propiedad se distribuye en tres niveles, ofreciendo una experiencia de vivienda única y contemporánea. Además, tendrás la tranquilidad de contar con estacionamiento propio, lo que añade una capa de comodidad a tu día a día. Con un atractivo precio de CLP 500,000, este departamento no es solo un lugar para vivir, sino también una inversión inteligente en una localidad que prospera. preparada para ti en un entorno donde convergen la serenidad y el dinamismo urbano. No dejes pasar esta oportunidad",https://chilepropiedades.cl/ver-publicacion/arriendo-mensual/la-serena/departamento/espacioso-departamento-lleno-de-luz-natural-158967/115981750,ChilePropiedades,Arriendo mensual,Departamento,La Serena,2026-04-21 16:45:29
"La Serena, Laguna del mar (158965)",$ 790.000,790000,La Serena,2,2,74,1,"['Amoblado', 'Terraza', 'Bodega', 'Seguridad']","Exquisito departamento disponible para arriendo en la cotizada Laguna del Mar, en la encantadora comuna de La Serena, Región de Coquimbo. Diseñado para aquellos que buscan un estilo de vida de confort y elegancia, este espacioso hogar, ofrece la perfecta conjunción de sofisticación y funcionalidad. Los dos amplios dormitorios y los dos baños de diseño moderno invitan a un descanso pleno, mientras que su acogedora terraza cerrada, para mayor seguridad, se convierte en el lugar ideal para disfrutar de mágicos atardeceres. Con un estacionamiento privado, este departamento maximiza la comodidad y el bienestar. Su privilegiada ubicación en La Serena le permite disfrutar de hermosos paisajes costeros y acceso a una amplia oferta de servicios, consolidándose como una inversión ideal tanto para quienes buscan un hogar como para quienes desean un inmueble con un atractivo potencial de rentabilidad. Todo esto, por tan solo $ 790,000. Con gastos comunes incluidos Descubra la experiencia de vivir en exclusividad y confort.",https://chilepropiedades.cl/ver-publicacion/arriendo-mensual/la-serena/departamento/laguna-del-mar-158965/115981726,ChilePropiedades,Arriendo mensual,Departamento,La Serena,2026-04-21 16:45:29
"La Serena, Amoblado (158821)",$ 560.000,560000,La Serena,2,2,65,1,"['Amoblado', 'Bodega', 'Logia', 'Conserjería', 'Ascensor', 'Suite', 'Seguridad']","Gran oportunidad de arriendo hasta diciembre. Lindo departamento dúplex, Condominio Parque Libertad, a un costado de la Universidad Central, en la ciudad de La Serena. El departamento cuenta con dos pisos, tres dormitorios con piso cerámico y closets, dos baños y medio (uno en suite, baño de visita con tina y otro de visitas en el primer piso), living, comedor, cocina equipada con horno, encimera a gas y campana, amplia logia para lavadora y secadora, calefont de 13 litros tiro forzado, y dos amplias terrazas en ambos niveles. Listo para habitar. Orientación sur poniente. Piso 5, con ascensor. Superficie 77 m. Sistema de agua caliente: con calefont. Valor de arriendo: $560.000 con gasto común incluido. El Condominio Parque Libertad cuenta con dos piscinas, quinchos, estacionamientos para residentes y visitas, sala común, conserjería 24 horas con cámaras de seguridad y acceso controlado. Sector Puertas del Mar; a un costado de la Universidad Central y a dos cuadras del INACAP, cerca de dos colegios y a pasos del Faro de La Serena, a 5 minutos del Mall de La Serena y a 10 minutos del centro de La Serena.",https://chilepropiedades.cl/ver-publicacion/arriendo-mensual/la-serena/departamento/amoblado-158821/115980444,ChilePropiedades,Arriendo mensual,Departamento,La Serena,2026-04-21 16:45:31
"La Serena, Arriendo hermoso departamento en la serena (158769)",$ 850.000,850000,La Serena,2,2,68,1,"['Amoblado', 'Terraza', 'Gimnasio', 'Bodega', 'Logia', 'Conserjería', 'Ascensor', 'Suite', 'Seguridad']","Gran oportunidad de arriendo por año corrido. Lindo departamento amoblado, Condominio Laguna del mar, sector Av. cruz del molino, en la ciudad de La Serena. El departamento cuenta con dos dormitorios con piso flotante y closets, dos baños (uno en suite con shower door y otro de visitas), living, comedor, cocina equipada con horno, encimera eléctrica y campana, comedor de diario, amplia logia con lavadora y termo eléctrico, y amplia terraza con malla de protección. Está totalmente equipado, listo para llegar a vivir. Orientación norponiente, con vista al mar. Piso 2, con ascensor. Superficie: 69 m. Sistema de agua caliente: central por calderas. Valor de arriendo . $830.000 gasto común incluido El condominio Laguna del Mar, en La Serena, destaca porque funciona casi como un resort, con muchas áreas comunes de alto nivel. ??? Principales áreas comunes ?? Laguna artificial navegable (tipo Crystal Lagoons) ??? Playas interiores de arena blanca ?? 3 piscinas temáticas (incluye infantil y semiolímpica) ?? Amplias áreas verdes y jardines ?? Canchas de tenis ? Multicancha / espacios deportivos ?? Juegos infantiles ?? Quinchos para asados ?? Salas multiuso ??? Servicios y extras ? Cafetería y minimarket dentro del condominio ??? Gimnasio (en algunas torres o etapas) ?? Seguridad 24/7 y conserjería ?? Estacionamientos y accesos controlados ?? Acceso cercano a la playa real",https://chilepropiedades.cl/ver-publicacion/arriendo-mensual/la-serena/departamento/arriendo-hermoso-departamento-en-la-serena-158769/115980418,ChilePropiedades,Arriendo mensual,Departamento,La Serena,2026-04-21 16:45:31
"La Serena, Se arrienda duplex a pasos de av del mar (158758)",$ 800.000,800000,La Serena,2,3,82,1,"['Amoblado', 'Terraza', 'Bodega', 'Logia', 'Seguridad']","DÚPLEX AMOBLADO DE 2 PISOS CON VISTA PANORÁMICA AL MAR AV. PACÍFICO Vive en una propiedad que realmente marca la diferencia. Este exclusivo departamento dúplex de 2 pisos completamente amoblado combina amplitud, diseño y una vista totalmente despejada al mar que simplemente no se repite. Ubicado en Avenida Pacífico, en uno de los sectores más cotizados, con excelente conectividad y acceso inmediato a Avenida del Mar. A pasos de todo lo que necesitas, restaurantes, cafeterías, bar, casino Enjoy, cuatro esquinas. DISTRIBUCIÓN EN DOS NIVELES QUE MARCA LA DIFERENCIA Con 89 m totales (80 m útiles), este departamento destaca por su formato en dos pisos, lo que entrega mayor privacidad y una excelente separación de espacios: 2 dormitorios 3 baños Amplio living-comedor con ventanales panorámicos Gran terraza con vista privilegiada al mar y la ciudad Cocina semi integrada completamente equipada Logia cerrada TERRAZA CON EXPERIENCIA ÚNICA Disfruta de una gran terraza con vista panorámica, ideal para compartir, que además cuenta con parrilla a carbón, perfecta para reuniones, asados y momentos inolvidables frente al mar. Su vista despejada, orientación y diseño tipo dúplex en 2 pisos generan una experiencia superior: más luz, más privacidad y una sensación de amplitud difícil de encontrar en el sector. VALOR Arriendo: $800.000 Una propiedad ideal tanto para vivir como para inversión en arriendo turístico o tradicional.",https://chilepropiedades.cl/ver-publicacion/arriendo-mensual/la-serena/departamento/se-arrienda-duplex-a-pasos-de-av-del-mar-158758/115969072,ChilePropiedades,Arriendo mensual,Departamento,La Serena,2026-04-21 16:45:34
"La Serena, Av Gabriela Mistral",$ 1.000.000,1000000,La Serena,2,2,,1,"['Amoblado', 'Lavandería', 'Gimnasio', 'Bodega', 'Conserjería', 'Suite', 'Seguridad', 'Balcón']","Buscas un nuevo lugar para vivir en La Serena? Este departamento en arriendo año corrido es perfecto para ti! Ubicado en la Av Gabriela Mistral Condominio Vista, en el sector de San Joaquín, esta propiedad ideal para una familia o parejas que deseen tener su propio espacio. Este acogedor departamento ofrece un amplio espacio para disfrutar y relajarse. Además, su orientación Nor-Poniente permite disfrutar de una excelente iluminación natural durante todo el día y vista a la bahía. Precio de Arriendo $1.000.000 Gastos Comunes Incluidos Superficie total construida útil y balcón 88.95 m2 Características Internas * Dormitorio Principal en Suite y walk in closet * 1 Dormitorio con Closet * 1 Baño de visita con shower Door * Amplio Living Comedor * Cocina Americana amoblada * Amplio Balcón cerrado con ventanales plegables de termopanel * Estacionamiento Privado * Bodega Características Externas * Seguridad 24/7 * Conserjería * Salón Multiuso * Gimnasio * Quinchos * Área de Juegos * Estacionamiento de Visitas * Lavandería * Áreas Verdes No pierdas la oportunidad de vivir en este cómodo y acogedor departamento. Contáctame para más información y agenda una visita! No dejes pasar esta oportunidad!",https://chilepropiedades.cl/ver-publicacion/arriendo-mensual/la-serena/departamento/av-gabriela-mistral/115966922,ChilePropiedades,Arriendo mensual,Departamento,La Serena,2026-04-21 16:45:35
"La Serena, Arriendo año corrido barrio universitario la serena",$ 680.000,680000,La Serena,3,2,85,,"['Amoblado', 'Lavandería', 'Bodega', 'Piscina', 'Logia', 'Seguridad']","**¡Arrienda tu nuevo hogar!** Descubre este departamento completamente amoblado, ubicado en el segundo piso de un edificio con escaleras. Disfruta de la conveniencia de estar cerca de Supermercado Jumbo, centros comerciales, transporte público y universidades, todo en un sector tranquilo y seguro. El condominio ofrece excelentes comodidades, incluyendo piscina, logia y lavandería. ¡No pierdas esta oportunidad! **Los gastos comunes estan incluidos en el valor del arriendo**",https://chilepropiedades.cl/ver-publicacion/arriendo-mensual/la-serena/departamento/arriendo-ano-corrido-barrio-universitario-la-serena/115965216,ChilePropiedades,Arriendo mensual,Departamento,La Serena,2026-04-21 16:45:36
"La Serena, Arriendo 2Destac. | 50% OFF mes 1 (158795)",$ 700.000,700000,La Serena,2,2,79,1,"['Amoblado', 'Terraza', 'Bodega', 'Conserjería', 'Quincho', 'Seguridad']","Descubre tu oasis perfecto en el corazón de La Serena, un exclusivo departamento que combina elegancia, comodidad y una ubicación privilegiada. Con 2 amplios dormitorios, 2 finos baños y 79 m cuidadosamente distribuidos, cada rincón ha sido diseñado para brindarte un ambiente cálido, acogedor y funcional, ideal para disfrutar de la vida con estilo. Comienza cada mañana en su encantadora terraza de 10 m, el espacio perfecto para disfrutar de un café mientras sientes la suave brisa marina y la tranquilidad del entorno. Además, el estacionamiento incluido te entrega la comodidad y seguridad que mereces. Por CLP 700.000, esta propiedad representa una excelente oportunidad de arriendo y la posibilidad de convertirla en tu nuevo hogar. Y hoy está en promoción! Aprovecha un 50% de descuento durante el primer mes (sin considerar gastos comunes) y la opción de pagar la garantía en 3 cómodas cuotas, con solo un 33,33% de pago inicial. También cuenta con excelentes servicios y espacios comunes como citófono, conserjería y quincho, pensados para hacer tu día a día mucho más cómodo y agradable. No dejes pasar la oportunidad de vivir el estilo de vida costero que siempre soñaste. Contáctanos y encuentra el departamento ideal para ti!",https://chilepropiedades.cl/ver-publicacion/arriendo-mensual/la-serena/departamento/arriendo-2destac-50-off-mes-1-158795/115957822,ChilePropiedades,Arriendo mensual,Departamento,La Serena,2026-04-21 16:45:39
"La Serena, Se arrienda amoblado en av. Pacifico (159020)",$ 500.000,500000,La Serena,3,1,56,1,"['Amoblado', 'Lavandería', 'Bodega', 'Piscina', 'Ascensor', 'Seguridad', 'Balcón']","SE ARRIENDA DEPARTAMENTO AMOBLADO EN AV. PACIFICO LA SERENA. DE MARZO A DICIEMBRE. Características: - tercer piso con ascensor - orientación oriente - 3 habitaciones - 1 baño - 56 mt2 - Con estacionamiento Equipamiento: - amoblado completamente con capacidad maxima para 6 personas - Termotanque eléctrico - Balcón Áreas comunes: - Piscina - Áreas verdes - Parrillas - Lavandería Ubicación privilegiada: a solo una cuadra de la Avenida del mar, cercano al casino Enjoy, buen acceso hacia la carretera. Excelente ubicación para disfrutar de la ciudad y la playa Precio: 450.000 con gastos comunes incluidos MJV",https://chilepropiedades.cl/ver-publicacion/arriendo-mensual/la-serena/departamento/se-arrienda-amoblado-en-av-pacifico-159020/115954049,ChilePropiedades,Arriendo mensual,Departamento,La Serena,2026-04-21 16:45:42
"La Serena, Vive en Pleno Corazón d la Ciudad Abril a Dic (158867)",$ 500.000,500000,La Serena,2,2,50,1,"['Amoblado', 'Terraza', 'Bodega', 'Seguridad']","Descubre tu nuevo hogar en la vibrante comuna de La Serena, en la hermosa Región de Coquimbo. Este excepcional departamento de diseño contemporáneo se presenta como la opción perfecta para quienes buscan comodidad y un estilo de vida único. Con dos amplios dormitorios y dos modernos baños, cada espacio ha sido concebido para maximizar el confort y la funcionalidad. Imagina despertar cada mañana en este encantador dúplex, donde tus días comienzan con la luz natural fluyendo a través de cada rincón. La elegante terraza de 6 m se convierte en tu refugio personal, ideal para disfrutar de un café al aire libre, mientras respiras la brisa marina. Además, el conveniente estacionamiento asegura que tu vehículo siempre tenga un lugar seguro, liberándote de preocupaciones. Por solo CLP 500,000 mensuales, invierte en una calidad de vida excepcional rodeado de paisajes impresionantes y la serenidad costera que solo La Serena puede ofrecer. No pierdas la oportunidad de hacer de este espacio tu nuevo hogar! Valor Abril a Diciembre GC INCLUIDO",https://chilepropiedades.cl/ver-publicacion/arriendo-mensual/la-serena/departamento/vive-en-pleno-corazon-d-la-ciudad-abril-a-dic-158867/115898761,ChilePropiedades,Arriendo mensual,Departamento,La Serena,2026-04-21 16:45:43
"La Serena, Departamento con vista al mar La Serena (158828)",$ 650.000,650000,La Serena,2,2,70,1,"['Amoblado', 'Terraza', 'Bodega', 'Seguridad']","Descubra el hogar perfecto en la encantadora comuna de La Serena, ubicada en la hermosa región de Coquimbo. Este departamento en arriendo es una joya que combina elegancia, confort y una ubicación privilegiada frente al Mar en la icónica Avenida del Mar. Con 70 m de espacios cuidadosamente diseñados, este departamento ofrece una atmósfera acogedora con 2 amplios dormitorios y 2 baños bien equipados, ideales para brindar comodidad y privacidad a sus ocupantes. Su terraza cerrada se convierte en el rincón perfecto para disfrutar de momentos inolvidables, con linda vista al mar, mientras que el estacionamiento privado le garantiza la tranquilidad de un acceso siempre seguro. No te puedes perder esta oportunidad a un precio de CLP 650,000 mensuales, gastos comunes incluidos convierte este departamento en tu nuevo hogar y comienza a vivir la vida que siempre has deseado.",https://chilepropiedades.cl/ver-publicacion/arriendo-mensual/la-serena/departamento/departamento-con-vista-al-mar-la-serena-158828/115894623,ChilePropiedades,Arriendo mensual,Departamento,La Serena,2026-04-21 16:45:44
"La Serena, Condominio don libio",$ 700.000,700000,La Serena,3,3,110,2,"['Amoblado', 'Bodega', 'Ascensor', 'Suite', 'Seguridad']","Se arrienda departamento año corrido sin muebles !! , esta ubicado en el sector jumbo av del santo. A pasos de supermercados, colegios, jardines infantiles, locomocion. Valor 700.000 ( valor mensual en uf) mas gastos comunes. Disponible a partir de la 1 semana de enero 2026, Piso 2 con ascensor. Orientacion poniente. 3 dormitorios + dormitorio de servicio en suite con media tina. 2 baños. Matrimonial en suite con tina. Cocina completamente equipada. No tiene refrigerador ni cocina, si campana. Loggia. Estacionamiento para 2 vehículos y bodega . El condominio cuenta con: áreas verdes. Ascensor y acceso controlado. Condominio don libio !! excelente ubicación Arrienda cardemil gestión inmobiliaria!!!!",https://chilepropiedades.cl/ver-publicacion/arriendo-mensual/la-serena/departamento/condominio-don-libio/115891186,ChilePropiedades,Arriendo mensual,Departamento,La Serena,2026-04-21 16:45:46
"La Serena, Condominio barrio universitario 4",$ 580.000,580000,La Serena,2,2,67,1,"['Amoblado', 'Bodega', 'Piscina', 'Ascensor', 'Quincho', 'Seguridad']","Se arrienda hermoso departamento AÑO CORRIDO !! , full equipado para 3 personas en URIKSEN, LA SERENA. VALOR 580.000 con Gastos comunes y estacionamiento incluidos. Piso 3 Vista poniente 2 Dormitorios con closet y cubre piso 2 Baños con tinas y piso cerámico Living, comedor y pasillo con piso flotante Lavadora en loggia. Cocina completamente equipada. Estacionamientos para 1 vehículo. . El condominio cuenta con: Piscina Quincho. Áreas verdes. Sin ascensor y acceso controlado. Condominio Barrio Universitario !! Excelente ubicación, a pasos del supermercado jumbo, bencinera, colegios..",https://chilepropiedades.cl/ver-publicacion/arriendo-mensual/la-serena/departamento/condominio-barrio-universitario-4/115891149,ChilePropiedades,Arriendo mensual,Departamento,La Serena,2026-04-21 16:45:47
"La Serena, Arriendo amoblado año corrido $570.000 (158536)",$570.000,570000,La Serena,2,1,63,1,"['Amoblado', 'Lavandería', 'Gimnasio', 'Bodega', 'Piscina', 'Logia', 'Ascensor', 'Quincho', 'Seguridad']","CONDOMINIO ALTOS DEL MILAGRO II, arriendo año corrido de acogedor y cálido departamento de 63 m2 con hermosa vista al mar. Emplazado en sector de cómodos accesos, a 50 metros de supermercado, farmacia, gimnasio, comercio y cercano a colegios, bancos, restaurantes, salón de té, servicios y con excelente conectividad. Se encuentra en el piso 5 con orientación poniente, siendo cálido y con privilegiada vista al mar. 2 amplios dormitorios 1 baño completo Cocina americana Logia con lavadora 2 terrazas Orientación poniente Estacionamiento Sala de eventos Lavandería Quincho Piscina Juegos infantiles ascensor Seguridad 24 horas VALOR ARRIENDO $570.000 (incluye gastos comunes)",https://chilepropiedades.cl/ver-publicacion/arriendo-mensual/la-serena/departamento/arriendo-amoblado-ano-corrido-570-000-158536/115889905,ChilePropiedades,Arriendo mensual,Departamento,La Serena,2026-04-21 16:45:48
"La Serena, Gran de amoblado en los tamarindos III",$ 480.000,480000,La Serena,3,1,64,64,"['Amoblado', 'Bodega', 'Seguridad']","MNF_75.975 Se arrienda departamento amoblado en excelente ubicación en La Serena, en el condominio Los Tamarindos III. Este acogedor departamento cuenta con 3 dormitorios, 1 baño y una superficie total de 55 m2. en segundo piso Con una orientación poniente, permite disfrutar de hermosas puestas de sol desde todas sus dependencias. Además, la propiedad incluye un cómodo estacionamiento para mayor comodidad de sus residentes. El departamento se encuentra completamente amoblado, listo para ser habitado de inmediato. Entre su amoblado cuenta con: - Cama king habitación principal _cama de 2plazas segunda habitación - Litera de triple 3era Habitación -TV 1- Lavadora automática -Colgador de ropa etc. -Vajilla para seis personas -Horno Electrico -Microhondas -hervidor -living -comedor entre otros amoblados. Con una oferta de Pesos 480,000, esta es una gran oportunidad de arriendo en una zona tranquila y cercana a servicios, comercios y transporte público. No pierdas la oportunidad de vivir en un lugar acogedor y funcional. Contáctanos para más información y agendar una visita Contáctanos para más información y agendar una visita.",https://chilepropiedades.cl/ver-publicacion/arriendo-mensual/la-serena/departamento/gran-de-amoblado-en-los-tamarindos-iii/115888483,ChilePropiedades,Arriendo mensual,Departamento,La Serena,2026-04-21 16:45:49
"La Serena, amoblado año corrido (158653)",$ 500.000,500000,La Serena,2,2,68,1,"['Amoblado', 'Terraza', 'Bodega', 'Piscina', 'Conserjería', 'Ascensor', 'Seguridad']","Gran oportunidad de arriendo por año corrido. Lindo departamento Condominio Parque Fray Jorge, a un costado de la Universidad Central, en la ciudad de La Serena. El departamento cuenta con dos dormitorios con alfombra y closets, dos amplios baños, comedor de diario, cocina americana equipada con horno, encimera a gas y campana, , calefont de 11 litros tiro forzado, y una amplia terraza. Listo para habitar. Orientación poniente. Piso 6, con ascensor. Sistema de agua caliente: con calefont. Valor de arriendo: $500.000 con gasto común incluido. El Condominio Parque Fray Jorge cuenta con una piscina, quinchos, estacionamientos para residentes y visitas, conserjería 24 horas con cámaras de seguridad y acceso controlado. Sector Puertas del Mar; a un costado de la Universidad Central y a dos cuadras del INACAP, cerca de dos colegios y a pasos del Faro de La Serena, a 5 minutos del Mall de La Serena y a 10 minutos del centro de La Serena.",https://chilepropiedades.cl/ver-publicacion/arriendo-mensual/la-serena/departamento/amoblado-ano-corrido-158653/115878148,ChilePropiedades,Arriendo mensual,Departamento,La Serena,2026-04-21 16:45:50
"La Serena, Avda Augusto Sepulveda Paul 1201",$ 460.000,460000,La Serena,2,1,40,1,"['Amoblado', 'Bodega', 'Piscina', 'Ascensor', 'Seguridad']","Se arrienda departamento amoblado ubicado en cuarto piso en condominio Hacienda el Tejar en la comuna de La Serena a 2 minutos del centro en vehículo. Propiedad cuenta con 2 dormitorios 1 baños 1 estacionamiento Precio de arriendo incluye gastos comunes. Arriendo año corrido. Condominio cuenta acceso controlado, camaras de vigilancia, cerco electrico, piscina, bicicletero, estacionamiento de visitas, área de juegos infantiles, , quinchos, sala multiusos y ascensor. Contáctanos para más información.",https://chilepropiedades.cl/ver-publicacion/arriendo-mensual/la-serena/departamento/avda-augusto-sepulveda-paul-1201/115869546,ChilePropiedades,Arriendo mensual,Departamento,La Serena,2026-04-21 16:45:51
"La Serena, Hermosa vista en aqua resort por dia",$ 90.000,90000,La Serena,2,2,76,1,"['Amoblado', 'Terraza', 'Bodega', 'Seguridad']","Descubre la comodidad de pasar unos lindos dias en este departamento amoblado en Arriendo en La Serena, ubicado en el apacible sector de Avenida del Mar. Este luminoso y espacioso hogar de 70 m2 cuenta con una hermosa vista al Aqua Resort, ideal para disfrutar durante todo el año. Con dos baños, dos habitaciones, un estacionamiento, tendrás todo lo que necesitas a tu alcance. Además, su terraza de 6 m2 te permitirá relajarte al aire libre. La orientación sur-poniente garantiza una excelente iluminación natural. ¡No pierdas la oportunidad de vivir en este encantador lugar!. Equipado con sábanas y toallas. El servicio de aseo tiene un costo adicional de $50.000, que se paga una sola vez al momento de la entrega del departamento.",https://chilepropiedades.cl/ver-publicacion/arriendo-mensual/la-serena/departamento/hermosa-vista-en-aqua-resort-por-dia/115868620,ChilePropiedades,Arriendo mensual,Departamento,La Serena,2026-04-21 16:45:52
"La Serena, Calle Araucania 5431",$ 460.000,460000,La Serena,3,1,56,1,"['Amoblado', 'Bodega', 'Piscina', 'Seguridad']","ARRIENDO DEPARTAMENTO AMOBLADO LA SERENA Cómodo y funcional departamento año corrido Ubicado en Condominio Espacio 1, sector La Florida, La Serena , en un entorno tranquilo, seguro y con excelente conectividad. Destaca por su entorno natural , con una hermosa vista hacia Cerro Grande y áreas de bosque , ideal para quienes buscan tranquilidad y calidad de vida. Características del Departamento: 3 dormitorios 1 baño Living comedor Cocina equipada Completamente amoblado Segundo piso Equipamiento del Condominio: Piscina Áreas comunes Uso y goce de estacionamiento Seguridad y vigilancia 24/7 Ubicación: Cercano a supermercados, comercios y servicios Excelente conectividad Valor: $460.000 mensuales Incluye gastos comunes Contáctanos para más información o agendar visita La mejor inversión es la que te da espacio para crecer. TU ESPACIO | Sueños & Propiedades",https://chilepropiedades.cl/ver-publicacion/arriendo-mensual/la-serena/departamento/calle-araucania-5431/115857596,ChilePropiedades,Arriendo mensual,Departamento,La Serena,2026-04-21 16:45:53
"La Serena, Condominio barrio universitario VI",$ 650.000,650000,La Serena,2,2,54,1,"['Amoblado', 'Terraza', 'Bodega', 'Piscina', 'Ascensor', 'Suite', 'Quincho', 'Seguridad']","Se arrienda departamento nuevo sin muebles año corrido , Condomimio Barrio Universitario, La Serena . $650.000 gc incluidos Características ; el departamento tiene cortinas y lámparas . Departamento ubicado en el 1 piso. Metros cuadrados 57 Tiene ascensor . Cocina integrada Living comedor Tiene 1 habitación en suite con baño . Tiene 1 habitación pequeña. Terraza amplia. Juegos infantiles Quincho Piscina Estacionamiento 1 . Bodega Estacionamiento de Visitas . Rossel Gestión Inmobiliaria Fono Fono +569 54251619",https://chilepropiedades.cl/ver-publicacion/arriendo-mensual/la-serena/departamento/condominio-barrio-universitario-vi/115847792,ChilePropiedades,Arriendo mensual,Departamento,La Serena,2026-04-21 16:45:54
"La Serena, Excelente y departamento arriendo (101336)",$ 680.000,680000,La Serena,3,2,75,1,"['Amoblado', 'Terraza', 'Bodega', 'Suite', 'Seguridad']","Descubre tu nuevo hogar en el corazón de La Serena! en Condominio Costa Horizonte Este moderno y nuevo departamento de 3 dormitorios y 2 baños redefine el concepto de comodidad y estilo, uno en suite, cuenta en la habitación principal con closet y walking, además de un living y comedor bastante espacioso para que distribuyas a tu manera el espacio. Con 75 metros cuadrados de espacio cuidadosamente diseñado, encontrarás el refugio perfecto para ti y tu familia. Disfruta de atardeceres desde tu propia terraza privada, mientras el amplio estacionamiento techado y la conveniente bodega hacen de la vida diaria un placer. Ubicada en una vibrante comunidad con acceso a amenidades exclusivas, esta propiedad ofrece todo lo que necesitas para vivir con lujo y conveniencia. No tendrás que preocuparte de cortinas y lámparas, se entregan instalados. Más que una simple residencia, es la puerta de entrada a una vida mejor. Haz de este espacio tu hogar por solo $680.000.- con gastos comunes incluidos, estacionamiento y bodega. Vive la experiencia de La Serena como nunca antes. Contáctanos y agenda tu visita hoy mismo!",https://chilepropiedades.cl/ver-publicacion/arriendo-mensual/la-serena/departamento/excelente-y-departamento-arriendo-101336/84677502,ChilePropiedades,Arriendo mensual,Departamento,La Serena,2026-04-21 16:45:55
"La Serena, Departamento con excelente ubicación (76640)",$ 480.000,480000,La Serena,1,1,43,1,"['Amoblado', 'Terraza', 'Bodega', 'Ascensor', 'Seguridad']","Descubre este exclusivo departamento completamente nuevo en arriendo ubicado en un tercer piso con ascensor en una de las zonas más privilegiadas de La Serena, Chile! Con un diseño moderno y sofisticado, este espacio ofrece todo lo que necesitas para vivir cómodamente, con una hermosa vista al imponente Cerro Grande. El departamento de 42mts totales cuenta con 1 dormitorio, y un baño perfectamente diseñado para ofrecer el descanso que mereces. Además, también encontrarás un baño elegante y funcional, una cocina equipada con cocina encimera, campana y horno. Necesitas espacio de almacenamiento? No te preocupes, este departamento cuenta con una bodega adicional, ideal para guardar todas tus pertenencias. También dispones de 1 estacionamiento incluido, para mayor comodidad y seguridad y una bodega. Disfruta de los hermosos días soleados en la terraza de 4 metros, donde podrás relajarte y disfrutar del clima privilegiado de la zona. Además, tendrás acceso a todas las comodidades del edificio, que cuenta con 10 pisos y un ambiente tranquilo y seguro. No te pierdas la oportunidad de vivir en este exclusivo departamento. Contáctanos ahora y descubre todos los detalles! El valor es de $480.000.- con gastos comunes incluidos, estacionamiento y bodega .",https://chilepropiedades.cl/ver-publicacion/arriendo-mensual/la-serena/departamento/departamento-con-excelente-ubicacion-76640/70472125,ChilePropiedades,Arriendo mensual,Departamento,La Serena,2026-04-21 16:45:57
"La Serena, y Luminoso, Ideal para Familias (158374)",$ 550.000,550000,La Serena,2,1,56,1,"['Amoblado', 'Terraza', 'Bodega', 'Piscina', 'Seguridad']","?? Vive la tranquilidad y el encanto de La Serena ?? Descubre este acogedor y luminoso departamento ubicado en el consolidado sector Puertas del Mar, una zona residencial tranquila y privilegiada, a pasos de universidades, supermercados, mall y con excelente conectividad a avenidas principales como Francisco de Aguirre. ? Características principales: 56 m perfectamente distribuidos 2 cómodos dormitorios 1 baño funcional y moderno Cocina americana equipada (incluye lavadora y sector de tendedero) Amplio living-comedor ideal para compartir ?? Lo mejor: una encantadora terraza de 8 m, perfecta para relajarte y disfrutar de hermosos atardeceres con la brisa marina. ?? Incluye estacionamiento ?? Condominio con excelentes espacios comunes: Piscina Salón de eventos Juegos infantiles Áreas verdes ideales para caminar y desconectarte ?? Departamento muy soleado, diseñado para brindar confort, calidez y una excelente calidad de vida. ?? Una oportunidad ideal para vivir o invertir en una de las mejores zonas de la ciudad. Agenda tu visita y enamórate de tu próximo hogar!",https://chilepropiedades.cl/ver-publicacion/arriendo-mensual/la-serena/departamento/y-luminoso-ideal-para-familias-158374/115776442,ChilePropiedades,Arriendo mensual,Departamento,La Serena,2026-04-21 16:45:58
"La Serena, 3 dorm, vista al mar · Laguna del Mar (158394)",$ 1.200.000,1200000,La Serena,3,2,87,1,"['Amoblado', 'Terraza', 'Bodega', 'Seguridad']","Despertarás con el mar frente a tus ojos cada mañana, para siempre. Hay departamentos que simplemente cumplen una función. Y hay departamentos que te hacen sentir que la vida aquí sería distinta mejor desde el primer instante. Este departamento vive de luz natural, y se nota en cada espacio. El nuevo piso de porcelanato Portobello refleja el sol que entra a raudales por los ventanales termopanel, y la cocina con su encimera de cuarzo blanco tiene esa sensación de estar recién salida de una revista de diseño. Pero el momento que te va a conquistar de verdad es cuando llegas a la terraza cerrada: vista libre, panorámica, con la bahía de La Serena desplegándose ante ti. No es una vista parcial. No es ""se ve un poco el mar"". Es el mar. Completo. Tuyo. Los 87 m están distribuidos en 3 dormitorios y 2 baños, con una terraza de 9 m que invita a tomar café por las mañanas y copa de vino por las noches. El departamento incluye estacionamiento y bodega, con la privacidad de estar en el 11º piso del lujoso condominio Laguna del Mar. En resumen, lo que encontrarás: - 3 dormitorios / 2 baños - 87 m + terraza cerrada de 10 m - Vista panorámica a la bahía - Piso porcelanato Portobello - Cubierta de cocina en cuarzo blanco - Ventanas termopanel - Estacionamiento + bodega - 11º piso Los departamentos con esta vista no esperan. Solicita tu visita y compruébalo por ti mismo.",https://chilepropiedades.cl/ver-publicacion/arriendo-mensual/la-serena/departamento/3-dorm-vista-al-mar-laguna-del-mar-158394/115773007,ChilePropiedades,Arriendo mensual,Departamento,La Serena,2026-04-21 16:46:00
"La Serena, Luminoso Departamento en Zona Tranquila (158378)",$ 550.000,550000,La Serena,1,1,34,,"['Amoblado', 'Bodega', 'Piscina', 'Seguridad']","Publicado por TORRE UNO BROKER, con más de 10 años de experiencia en Asesoría Inmobiliaria y Financiera. Arrienda acogedor y funcional departamento ubicado en el consolidado Boulevard San Joaquín, en Av. Cisternas 2497, La Serena. Emplazado en un moderno edificio de uso mixto, ofrece una experiencia urbana cómoda, práctica y bien conectada. Con 34 m inteligentemente distribuidos, en tercer piso, destaca por su hermosa vista despejada al poniente, ideal para disfrutar de atardeceres únicos con panorámica hacia la ciudad y la costa. Características del departamento: * 1 dormitorio * 1 baño * Cocina americana integrada * Excelente iluminación natural * Vista al poniente Equipamiento del edificio: * Piscina * Quinchos * Acceso controlado * Comercio y servicios integrados Ubicación: En uno de los principales ejes de La Serena, cercano a universidades, supermercados, centros médicos y servicios. Valor de arriendo incluye gastos comunes. Ideal para profesionales o estudiantes que buscan comodidad, conectividad y una vida práctica. Contáctanos para más información o agendar visita.",https://chilepropiedades.cl/ver-publicacion/arriendo-mensual/la-serena/departamento/luminoso-departamento-en-zona-tranquila-158378/115768596,ChilePropiedades,Arriendo mensual,Departamento,La Serena,2026-04-21 16:46:01
"La Serena, Arriendo Moderno Departamento (151872)",$ 800.000,800000,La Serena,2,2,89,1,"['Amoblado', 'Terraza', 'Bodega', 'Seguridad']","Descubre el estilo de vida que mereces con este exclusivo departamento en arriendo, ubicado en la vibrante comuna de La Serena, Región de Coquimbo. Esta propiedad es el epítome de la comodidad y sofisticación, ofreciendo dos amplios dormitorios y dos elegantes baños, perfectos para aquellos que valoran el espacio y la privacidad. Con 68.35 m de diseño arquitectónico impecable, su generosa terraza de 20.6 m te invita a disfrutar de espectaculares vistas, ideal para momentos de relajación o de entretenimiento al aire libre. La ubicación es sencillamente insuperable si buscas tranquilidad y bienestar en una zona residencial como lo es San Joaquín, te permite acceder fácilmente a una gran variedad de servicios, entretenimiento y opciones gastronómicas. Además, cuenta con un estacionamiento reservado, un lujo indispensable en el ajetreo de la vida urbana. Este departamento es más que un lugar para vivir; es una inversión en calidad de vida. Conviértete en parte de una comunidad dinámica y disfruta de una vida de ensueño. No pierdas la oportunidad de hacer este espacio tu nuevo hogar! Valor mensual: $800.000 Gasto común: $150.000 Contáctanos para mayor información!",https://chilepropiedades.cl/ver-publicacion/arriendo-mensual/la-serena/departamento/arriendo-moderno-departamento-151872/112397118,ChilePropiedades,Arriendo mensual,Departamento,La Serena,2026-04-21 16:46:02
"La Serena, Excelente ubicación departamento en Ulriksen (158290)",$ 680.000,680000,La Serena,2,2,75,1,"['Amoblado', 'Terraza', 'Bodega', 'Suite', 'Seguridad']","Descubre tu nuevo hogar en el corazón de La Serena! En condominio Ulriksen, excelente ubicación en los perales con Guillermo Ulriksen a pasos de supermercados, farmacias, gym, restaurantes etc. Este exclusivo departamento ubicado en un quinto piso te ofrece un refugio moderno y acogedor con todos los espacios que necesitas. Cuenta con 2 dormitorios amplios y 2 baños elegantes, uno en suite, habitación matrimonial con closet y Wolking closet, departamento amplio, luminoso ideal para el confort de toda tu familia. Además, dispone de un estacionamiento propio, para tu total tranquilidad y una bodega. Con 77.86 metros construidos y una encantadora terraza de 9.72 metros, experimentarás el lujo de vivir en un entorno que combina funcionalidad con estilo. Ubicado en un edificio de 5 pisos, este departamento te brinda la oportunidad de disfrutar de la vida desde las alturas. Con un precio de $680.000.- incluye gastos comunes, estacionamiento y bodega. No dejes pasar esta oportunidad única en La Serena! Vive el estilo de vida que siempre has deseado en un lugar donde cada detalle está pensado para ti. Contáctanos hoy mismo para más información o para agendar una visita. Tu nuevo hogar te espera!",https://chilepropiedades.cl/ver-publicacion/arriendo-mensual/la-serena/departamento/excelente-ubicacion-departamento-en-ulriksen-158290/115689545,ChilePropiedades,Arriendo mensual,Departamento,La Serena,2026-04-21 16:46:03
"La Serena, Ubicado en sector resort laguna del mar, la serena",$ 550.000,550000,La Serena,1,1,,,"['Amoblado', 'Gimnasio', 'Bodega', 'Suite', 'Seguridad', 'Balcón']","Se arrienda departamento amoblado en exclusivo condominio Resort Laguna del Mar, uno de los sectores más demandados de La Serena, ideal para quienes buscan vivir cerca del mar con seguridad y excelente entorno. El departamento se encuentra completamente equipado y listo para habitar, con una distribución funcional que permite aprovechar cada espacio de manera cómoda. Distribución: 1 habitación en suite con vestidor 1 baño Cocina equipada con comedor Living con salida a balcón Equipamiento y características: Departamento amoblado Espacios cómodos y funcionales Excelente iluminación natural Áreas comunes del condominio: Laguna artificial navegable Acceso directo a la playa Piscinas y áreas verdes Gimnasio Cancha de tenis Sala de eventos y espacios multiuso Juegos infantiles Recepción y seguridad controlada Estacionamientos de visita Ubicación privilegiada, con excelente conectividad hacia Avenida del Mar, cercano a comercio, servicios y zonas turísticas de la ciudad. Valor arriendo $550.000 Gastos comunes incluidos Alta demanda en el sector, ideal para quienes buscan comodidad, entorno y calidad de vida. Coordinar visitas con anticipación.",https://chilepropiedades.cl/ver-publicacion/arriendo-mensual/la-serena/departamento/ubicado-en-sector-resort-laguna-del-mar-la-serena/115685247,ChilePropiedades,Arriendo mensual,Departamento,La Serena,2026-04-21 16:46:04
"La Serena, Calle Rengifo 120, La Serena",$ 470.000,470000,La Serena,2,2,,,"['Amoblado', 'Bodega', 'Seguridad']","Es un placer presentar este encantador departamento en arriendo en la comuna de La Serena. Ubicado en Calle Rengifo 120, esta propiedad ofrece comodidad y conveniencia a sus residentes. Con 2 dormitorios, 2 baños y una distribución inteligente de 50,08 m2 construidos, este hogar es perfecto para parejas o pequeñas familias. La orientación Nor-Oriente de este departamento garantiza una agradable luminosidad durante gran parte del día. Aunque no cuenta con calefacción, la amplitud de sus espacios asegura una agradable temperatura en todas las estaciones del año. Además, la propiedad se entrega amoblada, facilitando la mudanza y permitiendo a los nuevos inquilinos disfrutar de su nuevo hogar sin contratiempos. No pierdas la oportunidad de vivir en este acogedor departamento en La Serena. Contáctame para agendar una visita y descubrir todas las comodidades que esta propiedad tiene para ofrecer. Te espero!",https://chilepropiedades.cl/ver-publicacion/arriendo-mensual/la-serena/departamento/calle-rengifo-120-la-serena/115683475,ChilePropiedades,Arriendo mensual,Departamento,La Serena,2026-04-21 16:46:06
"La Serena, amoblado en la serena (158335)",$ 600.000,600000,La Serena,2,2,61,1,"['Amoblado', 'Bodega', 'Seguridad']","Imagina vivir en un exclusivo refugio de relajación y encanto en el corazón de La Serena, Región de Coquimbo. Este departamento en arriendo es la perfecta oportunidad para aquellos que buscan combinar comodidad y estilo en cada rincón. Este departamento ofrece un ambiente luminoso y acogedor que inspira calidez. Ubicado en un prestigioso condominio, esta joya de departamento cuenta con dos dormitorios y dos baños, garantizando el espacio ideal para descansar y disfrutar al máximo. Además, no tendrá que preocuparse por el estacionamiento, ya que dispone de su propio lugar seguro. A un precio realmente competitivo de CLP 600,000 gasto común incluido año corrido, esta propiedad no solo es un hogar, es una inversión en calidad de vida. Permítase el placer de residir en uno de los destinos más atractivo de Chile y siente el privilegio de formar parte de esta vibrante comunidad. Su nuevo comienzo le espera!",https://chilepropiedades.cl/ver-publicacion/arriendo-mensual/la-serena/departamento/amoblado-en-la-serena-158335/115674794,ChilePropiedades,Arriendo mensual,Departamento,La Serena,2026-04-21 16:46:08
"La Serena, Jardines del pacifico iii arriendo marzo a diciembre",$ 400.000,400000,La Serena,2,1,45,,"['Amoblado', 'Bodega', 'Ascensor', 'Seguridad']","Disfruta de la comodidad y tranquilidad en este hermoso departamento, ubicado en el codiciado sector de Laguna del Mar y El Faro, La Serena. Ideal para trabajadores, estudiantes o familias pequeñas, este departamento nuevo y completamente amoblado ofrece un ambiente acogedor y funcional. Ubicado en un cuarto piso sin ascensor, goza de cercanía a universidades, colegios, bancos y centros comerciales, con el centro de La Serena a solo 10 minutos. El valor del arriendo incluye los gastos comunes, facilitando tu presupuesto. El valor del arriendo incluye los Gastos Comunes.",https://chilepropiedades.cl/ver-publicacion/arriendo-mensual/la-serena/departamento/jardines-del-pacifico-iii-arriendo-marzo-a-diciembre/115661583,ChilePropiedades,Arriendo mensual,Departamento,La Serena,2026-04-21 16:46:09
"La Serena, Avenida Pacifico",$ 550.000,550000,La Serena,2,2,55,1,"['Amoblado', 'Bodega', 'Piscina', 'Quincho', 'Seguridad']","[ARR] ID HOUM: 168244 En Houm no te pedimos garantía ni aval*. Entérate de todos los beneficios al Arrendar con nosotros: Asistencia e intermediación con el propietario Firma tu contrato online Arrienda sin burocracia, papeleos y mucho más rápido Departamento en arriendo, ubicado en la comuna de La Serena, con una superficie construida de 55.00 m y superficie total de 55.00 m. Sus principales características son: Amoblado 2 dormitorios 2 baños Admite mascotas 1 estacionamiento Año de construcción: 2025 Conexión a lavadora Además, el inmueble cuenta con las siguientes amenidades: Zona de juegos Piscina Quincho Si arriendas con nosotros, te brindamos asesoría personalizada durante todo el proceso. Requisitos para arrendar con nosotros: Se deben demostrar ingresos que sean 2,8 veces el valor del arriendo En caso de que tus ingresos no lleguen a 2,8 veces el valor del arriendo, estos pueden ser la suma de los ingresos de las personas que vivirán en la propiedad IMPORTANTE: Si tienes alguna duda por favor puedes solicitar más información desde los portales como también contactarte directamente con nosotros Te invitamos a agendar una visita a esta propiedad: esta puede ser presencial o vía streaming, desde la comodidad de tu hogar Más que una corredora, somos Houm. *Aplican T&C",https://chilepropiedades.cl/ver-publicacion/arriendo-mensual/la-serena/departamento/avenida-pacifico/115604000,ChilePropiedades,Arriendo mensual,Departamento,La Serena,2026-04-21 16:46:11
"La Serena, amoblado en la serena (158033)",$ 530.000,530000,La Serena,2,1,71,1,"['Amoblado', 'Terraza', 'Bodega', 'Piscina', 'Conserjería', 'Ascensor', 'Seguridad']","Gran oportunidad de arriendo por año corrido. Lindo departamento Condominio Parque Fray Jorge, a un costado de la Universidad Central, en la ciudad de La Serena. El departamento cuenta con dos dormitorios con alfombra y closets, un amplio baño living, comedor de diario, cocina americana equipada con horno, encimera a gas y campana, , calefont de 11 litros tiro forzado, y una amplia terraza. Listo para habitar. Orientación poniente. Piso 2, con ascensor. Sistema de agua caliente: con calefont. Valor de arriendo: $530.000 con gasto común incluido. El Condominio Parque Fray Jorge cuenta con una piscina, quinchos, estacionamientos para residentes y visitas, conserjería 24 horas con cámaras de seguridad y acceso controlado. Sector Puertas del Mar; a un costado de la Universidad Central y a dos cuadras del INACAP, cerca de dos colegios y a pasos del Faro de La Serena, a 5 minutos del Mall de La Serena y a 10 minutos del centro de La Serena.",https://chilepropiedades.cl/ver-publicacion/arriendo-mensual/la-serena/departamento/amoblado-en-la-serena-158033/115587493,ChilePropiedades,Arriendo mensual,Departamento,La Serena,2026-04-21 16:46:14
"La Serena, Arriendo amueblado en av del mar 1700",$ 480.000,480000,La Serena,2,2,80,,"['Amoblado', 'Terraza', 'Lavandería', 'Gimnasio', 'Bodega', 'Ascensor', 'Suite', 'Seguridad']","**Descripción del Departamento Amueblado en La Serena** Este acogedor departamento amueblado en arriendo se ubica en la comuna de La Serena específicamente en Av Del Mar 1700. Con una superficie total de 80 m y 71 m construidos, ofrece un espacio cómodo y moderno para quienes buscan tranquilidad y comodidad. La propiedad cuenta con dos amplias habitaciones y dos baños, brindando privacidad y confort sus residentes. orientación-poniente garantiza una excelente iluminación natural durante el día. La Serena es conocida por su belleza costera, con playas cercanas que ofrecen el escenario perfecto para disfrutar del sol y el mar. Además, es una ciudad que combina lo histórico con lo moderno, ofreciendo diversas actividades culturales y entretenimiento. **Características Departamento:** - * Terraza- Cocina - Comedor - loggia - 2 Dormitorio principal en suite, Closet - **Servicios Adicionales:** Lavandería- Ascensor - Estacionamiento para visitas - **Instalaciones Comunes:** Gimnasio - Área de juegos infantiles - Recepción El valor del arriendo es de $500,000 pesos mensuales, con gastos comunes aproximados de $130,000 pesos.. Documentos para arrendar, 6 liquidaciones de sueldo, 12 cotizaciones de Afp, dicom, CI por ambos lados,aval con !os mismos dctos. Se cancela 1 mes y medio de garantía, mes de arriendo.",https://chilepropiedades.cl/ver-publicacion/arriendo-mensual/la-serena/departamento/arriendo-amueblado-en-av-del-mar-1700/115572831,ChilePropiedades,Arriendo mensual,Departamento,La Serena,2026-04-21 16:46:15
"La Serena, A pasos del enjoy, (158118)",$ 380.000,380000,La Serena,2,1,41,,"['Amoblado', 'Bodega', 'Piscina', 'Conserjería', 'Quincho', 'Seguridad', 'Balcón']","BOYER PROPIEDADES Arrienda departamento amoblado en Avenida Los Pescadores, Coquimbo. Ubicado a pasos de la Costanera y Pueblito Peñuelas. Características de la propiedad: - Living comedor de 4 sillas. - Cocina amoblada compuesta por encimera vitrocerámica, horno eléctrico y campana. - Dormitorio principal con cama de 2 plazas, veladores y closet. - Dormitorio secundario con camarote de una plaza y closet. - Baño con tina, vanitorio y ventilación por extractor. - Balcón con salida desde living-comedor por ventanal. - Smart tv en living - comedor. Otras características: - Comedor de diario. - Conexión para lavadora secadora en el baño. - Ventanas de termopanel. - Cuenta con internet. Condominio: - Hall de acceso. - Conserjería cuenta con acceso controlado las 24 hrs. - Cámaras de vigilancia en el recinto. - Estacionamientos para visitas. - Piscina. - Quincho. - Sala de multiuso. - Juegos infantiles. - Áreas verdes. Entorno: - Cuenta con una excelente ubicación, ya que está en el lugar más turístico de la ciudad. A pasos de la costa, restaurantes, cafeterías, pizzerías, heladería y, a minutos de la ruta 5 norte. J.E",https://chilepropiedades.cl/ver-publicacion/arriendo-mensual/la-serena/departamento/a-pasos-del-enjoy-158118/115571326,ChilePropiedades,Arriendo mensual,Departamento,La Serena,2026-04-21 16:46:16
"La Serena, Emilio Apey",$ 500.000,500000,La Serena,2,1,50,1,"['Amoblado', 'Lavandería', 'Bodega', 'Piscina', 'Quincho', 'Seguridad', 'Balcón']","Cómodo departamento a pasos de la Avenida del Mar, centro de estudios Inacap, Universidad Central, centro de La Serena, hospital y centro comercial Puertas del Mar, Cuenta con 2 habitaciones (1 cama de 2 plazas 1 cama nido ), 1 baños con tina, living comedor, cocina equipada, lavadora aparte del servicio de lavandería. Balcón con orientación nor poniente. Piso 1. Estacionamientos. Él condominio cuenta con seguridad 24/7, piscina, quincho, lavandería, juegos infantiles. Opciones de arriendo temporal diario y de marzo a diciembre. Capacidad máxima 4 personas. El valor incluye gastos comunes. Al momento de arrendar se solicita documentación, mes de arriendo, garantía (puede pagar en 2 cuotas). Considerar comisión por corretaje equivalente al 50% del valor de arriendo mas impuesto.",https://chilepropiedades.cl/ver-publicacion/arriendo-mensual/la-serena/departamento/emilio-apey/58785565,ChilePropiedades,Arriendo mensual,Departamento,La Serena,2026-04-21 16:46:17
"La Serena, San Joaquín 2010",$ 620.000,620000,La Serena,3,2,78,1,"['Terraza', 'Bodega', 'Piscina', 'Suite', 'Quincho', 'Seguridad']","🏠 DEPARTAMENTO EN ARRIENDO – CONDOMINIO TERRAZAS DE SAN JOAQUÍN 2010, LA SERENA ✨ Disfruta de la comodidad, tranquilidad y un entorno familiar en uno de los sectores más cotizados de La Serena. 📍 Condominio Terrazas de San Joaquín 2010 🛏 3 dormitorios | 🛁 2 baños 👗 Walk-in closet 🚗 Estacionamiento privado 🏊 Piscina y quincho 🌿 Entorno tranquilo y seguro 💬 Contáctanos para más información y coordinar visitas: 📱 +56 9 4222 2261 📱 +56 9 9303 2243 🌟 Vivelqui Propiedades – Tu nuevo hogar te espera.",https://chilepropiedades.cl/ver-publicacion/arriendo-mensual/la-serena/departamento/san-joaquin-2010/98800384,ChilePropiedades,Arriendo mensual,Departamento,La Serena,2026-04-21 16:46:18
"La Serena, Avenida Pacífico",$ 600.000,600000,La Serena,3,1,56,1,"['Amoblado', 'Bodega', 'Piscina', 'Logia', 'Quincho', 'Seguridad']","[ARR] ID HOUM: 169207 En Houm no te pedimos garantía ni aval*. Entérate de todos los beneficios al Arrendar con nosotros: Asistencia e intermediación con el propietario Firma tu contrato online Arrienda sin burocracia, papeleos y mucho más rápido Departamento en arriendo, ubicado en la comuna de La Serena, con una superficie construida de 56.00 m y superficie total de 56.00 m. Sus principales características son: Amoblado 3 dormitorios 1 baño No Admite mascotas 1 estacionamiento Logia Conexión a lavadora Además, el inmueble cuenta con las siguientes amenidades: Piscina Quincho Si arriendas con nosotros, te brindamos asesoría personalizada durante todo el proceso. Requisitos para arrendar con nosotros: Se deben demostrar ingresos que sean 2,8 veces el valor del arriendo En caso de que tus ingresos no lleguen a 2,8 veces el valor del arriendo, estos pueden ser la suma de los ingresos de las personas que vivirán en la propiedad IMPORTANTE: Si tienes alguna duda por favor puedes solicitar más información desde los portales como también contactarte directamente con nosotros Te invitamos a agendar una visita a esta propiedad: esta puede ser presencial o vía streaming, desde la comodidad de tu hogar Más que una corredora, somos Houm. *Aplican T&C",https://chilepropiedades.cl/ver-publicacion/arriendo-mensual/la-serena/departamento/avenida-pacifico/115509961,ChilePropiedades,Arriendo mensual,Departamento,La Serena,2026-04-21 16:46:19
"La Serena, Año corrido Sin Amoblar (157970)",$ 440.000,440000,La Serena,3,2,55,1,"['Amoblado', 'Terraza', 'Bodega', 'Suite', 'Seguridad']","CasaMatch Arrienda Puedes Pagar mes de garantía, y primer mes con tarjeta de crédito Departamento 3 dormitorios y 2 baños, año corrido , sin amoblar Dormitorio principal con baño en suite y walk in closet Descubre el hogar ideal en el encantador sector de La Serena, en la Región de Coquimbo. Este exquisito departamento en arriendo te ofrece el equilibrio perfecto entre comodidad y modernidad, un espacio donde cada día se transforma en una experiencia única. Con sus 3 acogedores dormitorios y 2 baños elegantemente diseñados, encontrarás el confort y la privacidad que mereces. La luminosa sala de estar está conectada a una encantadora terraza de 3 m, el rincón perfecto para relajarse y disfrutar de momentos inolvidables con amigos y familia. Tu tranquilidad está garantizada con un estacionamiento, ofreciendo la seguridad y conveniencia que buscas. Ubicado en un edificio de tres niveles, este departamento es una oportunidad excepcional tanto para quienes buscan un hogar acogedor como para aquellos interesados en una sólida inversión inmobiliaria. Vivir aquí te conectará con todo lo que ofrece La Serena, desde sus hermosas playas hasta su rica vida cultural. No dejes pasar esta oportunidad única por tan solo CLP 440,000. Contáctanos a la brevedad",https://chilepropiedades.cl/ver-publicacion/arriendo-mensual/la-serena/departamento/ano-corrido-sin-amoblar-157970/115500969,ChilePropiedades,Arriendo mensual,Departamento,La Serena,2026-04-21 16:46:22
"La Serena, Avenida Pacífico con Puerta del Mar",$ 480.000,480000,La Serena,1,1,45,1,"['Amoblado', 'Bodega', 'Seguridad']","Departamento en arriendo Abril - Diciembre, incluye gastos comunes, una habitación y dos ambientes, en primera línea, ubicado en el Condominio Laguna del Mar, el único resort urbano en La Serena. Cuenta con laguna artificial de 2.5 hectáreas, piscinas, cancha de tenis, juegos infantiles y salón multiuso. El Condominio Laguna del Mar está ubicado en el sector norte de la ciudad de la Serena, al costado norte del famoso Faro, destacándose por su tranquilidad y su acceso directo a la playa sin la necesidad de movilizarse en auto. Cuenta con vigilancia y acceso controlado las 24 horas del día, tanto en el acceso al condominio como en la recepción de cada edificio. En el sector aledaño podrá encontrar supermercado, mall y grandes, servicios de asistencia médica, lugares turísticos tradicionales, monumentos y muchas más atracciones locales.",https://chilepropiedades.cl/ver-publicacion/arriendo-mensual/la-serena/departamento/avenida-pacifico-con-puerta-del-mar/115492784,ChilePropiedades,Arriendo mensual,Departamento,La Serena,2026-04-21 16:46:22
"La Serena, Consuelo Aguirre Álvarez 1515",$ 500.000,500000,La Serena,1,1,54,1,"['Amoblado', 'Lavandería', 'Bodega', 'Conserjería', 'Seguridad', 'Balcón']","Se arrienda moderno y acogedor departamento completamente equipado, ubicado en Avenida Ulriksen, sector residencial nuevo, exclusivo y de alta plusvalía en La Serena. 📍 Ubicación privilegiada: entorno tranquilo y residencial, con excelente conectividad. A solo minutos del centro, cercano a supermercados (a 2 cuadras) y a pasos de pubs, bares y zonas de entretención. 🛏️ Características del departamento: 1 dormitorio amplio 1 baño Cocina completamente equipada Balcón Equipamiento incluido (llegar y habitar): Cama Televisión Lavadora Ropa de cama Losa completa Cocina equipada con electrodomésticos (incluye microondas) Sillón Mesa en balcón Incluye: Estacionamiento Bodega Valor arriendo: $500.000 mensuales Departamento ideal para quienes buscan comodidad, ubicación y practicidad, completamente equipado, listo para habitar sin necesidad de invertir en mobiliario.",https://chilepropiedades.cl/ver-publicacion/arriendo-mensual/la-serena/departamento/consuelo-aguirre-alvarez-1515/115452756,ChilePropiedades,Arriendo mensual,Departamento,La Serena,2026-04-21 16:46:23
"La Serena, Arriendo dpto mariposa - la serena (157733)",$ 650.000,650000,La Serena,2,2,49,1,"['Amoblado', 'Lavandería', 'Bodega', 'Conserjería', 'Seguridad']","Arriendo departamento edificio alto serena i sector puerta del mar - la serena Departamento en venta tipo mariposa, frente supermercado hiper líder , sector puerta del mar, cercano a u santo tomas, u central, u tecnológica de chile, inacap , cómodos espacios libres, conserjería 24/7. Departamento Descripción - departamento tipo mariposa - living cocina americana - 2 dormitorio - 2 baño - 1 estacionamiento Exterior: - piscinas - lavandería - bicicleteros - sala multiuso Valor $650.000 gastos comunes incluidos",https://chilepropiedades.cl/ver-publicacion/arriendo-mensual/la-serena/departamento/arriendo-dpto-mariposa-la-serena-157733/115410469,ChilePropiedades,Arriendo mensual,Departamento,La Serena,2026-04-21 16:46:24
"La Serena, Avenida Rodolfo Wagenknecht",$ 550.000,550000,La Serena,3,2,65,1,"['Amoblado', 'Gimnasio', 'Bodega', 'Piscina', 'Ascensor', 'Quincho', 'Seguridad']","[ARR] ID HOUM: 169435 En Houm no te pedimos garantía ni aval*. Entérate de todos los beneficios al Arrendar con nosotros: Asistencia e intermediación con el propietario Firma tu contrato online Arrienda sin burocracia, papeleos y mucho más rápido Departamento en arriendo, ubicado en la comuna de La Serena, con una superficie construida de 60.00 m y superficie total de 65.00 m. Sus principales características son: No amoblado 3 dormitorios 2 baños Admite mascotas 1 estacionamiento Cocina amoblada Año de construcción: 2026 Conexión a lavadora Además, el inmueble cuenta con las siguientes amenidades: Salón de eventos Vigilancia 24 hrs Ascensor Zona de juegos Piscina Gimnasio Quincho Si arriendas con nosotros, te brindamos asesoría personalizada durante todo el proceso. Requisitos para arrendar con nosotros: Se deben demostrar ingresos que sean 2,8 veces el valor del arriendo En caso de que tus ingresos no lleguen a 2,8 veces el valor del arriendo, estos pueden ser la suma de los ingresos de las personas que vivirán en la propiedad IMPORTANTE: Si tienes alguna duda por favor puedes solicitar más información desde los portales como también contactarte directamente con nosotros Te invitamos a agendar una visita a esta propiedad: esta puede ser presencial o vía streaming, desde la comodidad de tu hogar Más que una corredora, somos Houm. *Aplican T&C",https://chilepropiedades.cl/ver-publicacion/arriendo-mensual/la-serena/departamento/avenida-rodolfo-wagenknecht/115350104,ChilePropiedades,Arriendo mensual,Departamento,La Serena,2026-04-21 16:46:26
"La Serena, Antonio Aguilar 805",$ 600.000,600000,La Serena,2,2,65,1,"['Amoblado', 'Lavandería', 'Bodega', 'Piscina', 'Logia', 'Ascensor', 'Seguridad']","RLLC/75871 Departamento Amoblado en Arriendo Portal del Pacífico 1, La Serena Se arrienda cómodo y funcional departamento completamente amoblado, ubicado en el condominio Portal del Pacífico 1, en un 7 piso. La propiedad cuenta con: 3 dormitorios 2 baños 62 m bien distribuidos Cocina equipada Living-comedor Logia Estacionamiento El condominio ofrece excelentes espacios comunes: Ascensor Lavandería Piscina Quinchos Ubicación privilegiada, a pasos de la playa El Faro, cercano a supermercados, universidades y a minutos del centro de La Serena Ideal para familias, estudiantes o profesionales que buscan comodidad, seguridad y cercanía al mar. Honorarios de corretaje 50% canon de arriendo mas IVA Grupo Premium",https://chilepropiedades.cl/ver-publicacion/arriendo-mensual/la-serena/departamento/antonio-aguilar-805/115339048,ChilePropiedades,Arriendo mensual,Departamento,La Serena,2026-04-21 16:46:27
"La Serena, Departamento Cerca del Mar (157701)",$ 500.000,500000,La Serena,2,1,45,1,"['Amoblado', 'Terraza', 'Bodega', 'Seguridad']","Descubre la joya inmobiliaria que te ofrece La Serena, una de las comunas más encantadoras de la Región de Coquimbo. Este departamento en arriendo es la puerta de entrada a una vida cómoda y llena de estilo. Imagina despertar cada mañana en un espacio acogedor que cuenta con dos dormitorios perfectamente diseñados para tu descanso y un baño que combina funcionalidad con elegancia. La propiedad dispone de un práctico estacionamiento, asegurando que tu vehículo siempre tenga un lugar seguro. Con sus 30 m construidos, cada rincón del departamento ha sido optimizado para ofrecerte una experiencia inigualable de confort y modernidad. Además, una encantadora terraza de 4 m se convierte en el lugar ideal para disfrutar de tardes soleadas o noches estrelladas, agregando un toque especial a tus momentos de relax. Por tan solo CLP 500000 (gastos comunes incluidos), puedes hacer de este apartamento tu hogar y disfrutar de una ubicación estratégica que conecta lo mejor de la ciudad, siendo una oportunidad única tanto para vivir como para invertir. No dejes pasar esta increíble oportunidad!",https://chilepropiedades.cl/ver-publicacion/arriendo-mensual/la-serena/departamento/departamento-cerca-del-mar-157701/115332045,ChilePropiedades,Arriendo mensual,Departamento,La Serena,2026-04-21 16:46:28
"La Serena, Los Perales Poniente",$ 500.000,500000,La Serena,3,2,50,1,"['Amoblado', 'Bodega', 'Piscina', 'Ascensor', 'Quincho', 'Seguridad']","[ARR] ID HOUM: 158008 En Houm no te pedimos garantía ni aval*. Entérate de todos los beneficios al Arrendar con nosotros: Asistencia e intermediación con el propietario Firma tu contrato online Arrienda sin burocracia, papeleos y mucho más rápido Departamento en arriendo, ubicado en la comuna de La Serena, con una superficie construida de 82.00 m y superficie total de 50.00 m. Sus principales características son: Amoblado 3 dormitorios 2 baños No Admite mascotas 1 estacionamiento Año de construcción: 2014 Conexión a lavadora Bodega Además, el inmueble cuenta con las siguientes amenidades: Ascensor Zona de juegos Piscina Quincho Si arriendas con nosotros, te brindamos asesoría personalizada durante todo el proceso. Requisitos para arrendar con nosotros: Se deben demostrar ingresos que sean 2,8 veces el valor del arriendo En caso de que tus ingresos no lleguen a 2,8 veces el valor del arriendo, estos pueden ser la suma de los ingresos de las personas que vivirán en la propiedad IMPORTANTE: Si tienes alguna duda por favor puedes solicitar más información desde los portales como también contactarte directamente con nosotros Te invitamos a agendar una visita a esta propiedad: esta puede ser presencial o vía streaming, desde la comodidad de tu hogar Más que una corredora, somos Houm. *Aplican T&C",https://chilepropiedades.cl/ver-publicacion/arriendo-mensual/la-serena/departamento/los-perales-poniente/92230648,ChilePropiedades,Arriendo mensual,Departamento,La Serena,2026-04-21 16:46:30
"La Serena, Av. Ulriksen y Perales",$ 750.000,750000,La Serena,2,2,51,1,"['Amoblado', 'Lavanderia', 'Bodega', 'Suite', 'Seguridad']","Se arrienda departamento amoblado en condominio Ulriksen, costado Stripcenter a pasos de bancos, farmacias, colegios, centros medicos, servicentros, supermercados, gimnasios y comercio en general. Consta: 2 dormitorios ( uno en suite) 2 baños 1 estacionamiento al aire libre. Piso 8 Exterior: Estacionamiento visitas Lavanderia Sala multi usos Ascensores Bicicletero Stripcenter Precio incluye gastos comunes. Se arrienda año corrido. Contáctanos para mas informacion o coordinar visita.",https://chilepropiedades.cl/ver-publicacion/arriendo-mensual/la-serena/departamento/av-ulriksen-y-perales/115315796,ChilePropiedades,Arriendo mensual,Departamento,La Serena,2026-04-21 16:46:32
"La Serena, Arriendo Dpto. 2D, 2B, amoblado, año corrido (157650)",$ 500.000,500000,La Serena,2,2,47,1,"['Amoblado', 'Bodega', 'Logia', 'Seguridad']","Grupo Orión Gestión Inmobiliaria, Arrienda cómodo departamento año corrido amoblado, consta de 2 dormitorios, 2 baños, living comedor, cocina americana equipada, logia, 1 estacionamiento. Ubicado en sector residencial, a pasos de la playa, cercano a supermercados, centros comerciales, universidades, colegios, buena conectividad. Condominio muy seguro y tranquilo. Arriendo mensual $500.000- gastos comunes incluidos. Honorarios de corretaje 50% del canon de arriendo mas impuesto boleta honorarios. Agende su visita. Paz Anjarí Sánchez",https://chilepropiedades.cl/ver-publicacion/arriendo-mensual/la-serena/departamento/arriendo-dpto-2d-2b-amoblado-ano-corrido-157650/115301844,ChilePropiedades,Arriendo mensual,Departamento,La Serena,2026-04-21 16:46:33
